epoch,lr-AdamW,step,train_loss_epoch,train_loss_step,train_r2_epoch,train_r2_step,train_rmse_epoch,train_rmse_step,val_loss,val_r2,val_rmse
,0.001,0,,,,,,,,,
0,,9,,774.5130004882812,,-8.543998718261719,,27.51634979248047,,,
0,,19,,760.7461547851562,,-5.90521764755249,,27.271818161010742,,,
0,,29,,797.789306640625,,-5.213170051574707,,27.789432525634766,,,
0,,39,,662.4022216796875,,-9.963899612426758,,25.492074966430664,,,
0,,49,,691.7054443359375,,-8.916297912597656,,25.98259925842285,,,
0,,59,,777.7518920898438,,-7.80763578414917,,27.530126571655273,,,
0,,69,,794.881103515625,,-7.868020057678223,,27.88132667541504,,,
0,,73,,,,,,,682.3546142578125,-6.915917873382568,25.76567840576172
0,,73,731.3692016601562,,-7.238587856292725,,26.68941879272461,,,,
,0.001,74,,,,,,,,,
1,,79,,716.74072265625,,-5.841512680053711,,26.401681900024414,,,
1,,89,,754.6148681640625,,-6.715319633483887,,27.11788558959961,,,
1,,99,,753.3651123046875,,-10.212837219238281,,27.049999237060547,,,
1,,109,,731.8284912109375,,-6.806828498840332,,26.716957092285156,,,
1,,119,,693.1350708007812,,-7.146823883056641,,25.994327545166016,,,
1,,129,,800.0889282226562,,-6.265974521636963,,27.95934295654297,,,
1,,139,,623.814208984375,,-6.855199813842773,,24.685466766357422,,,
1,,147,,,,,,,665.21337890625,-6.7189860343933105,25.438976287841797
1,,147,695.1719970703125,,-6.767042636871338,,25.998031616210938,,,,
,0.001,148,,,,,,,,,
2,,149,,643.202392578125,,-6.411357879638672,,25.038894653320312,,,
2,,159,,554.698974609375,,-5.793662071228027,,23.22484588623047,,,
2,,169,,724.1900634765625,,-7.948178291320801,,26.549301147460938,,,
2,,179,,638.5964965820312,,-4.563780307769775,,24.890323638916016,,,
2,,189,,759.0088500976562,,-6.621709823608398,,27.152389526367188,,,
2,,199,,642.3131103515625,,-6.139060020446777,,24.98361587524414,,,
2,,209,,517.699951171875,,-7.828036308288574,,22.432281494140625,,,
2,,219,,611.6068725585938,,-5.617522239685059,,24.381954193115234,,,
2,,221,,,,,,,608.1881713867188,-6.041578769683838,24.300474166870117
2,,221,646.7218627929688,,-6.257197856903076,,25.04573631286621,,,,
,0.001,222,,,,,,,,,
3,,229,,621.2709350585938,,-6.926112174987793,,24.60143280029297,,,
3,,239,,528.2144165039062,,-3.488189220428467,,22.603130340576172,,,
3,,249,,656.8221435546875,,-6.127321720123291,,25.252704620361328,,,
3,,259,,567.5632934570312,,-5.378968238830566,,23.502330780029297,,,
3,,269,,586.36669921875,,-5.275040626525879,,23.85800552368164,,,
3,,279,,546.0486450195312,,-5.9665422439575195,,23.051158905029297,,,
3,,289,,576.6353759765625,,-5.15220832824707,,23.686912536621094,,,
3,,295,,,,,,,562.1051635742188,-5.491784572601318,23.345314025878906
3,,295,590.1449584960938,,-5.621984004974365,,23.898162841796875,,,,
,0.001,296,,,,,,,,,
4,,299,,611.0936279296875,,-4.723631858825684,,24.354663848876953,,,
4,,309,,569.67333984375,,-5.289313316345215,,23.424880981445312,,,
4,,319,,587.988037109375,,-5.666697978973389,,23.875911712646484,,,
4,,329,,442.37530517578125,,-3.3318674564361572,,20.725391387939453,,,
4,,339,,618.5399169921875,,-4.7650885581970215,,24.4178524017334,,,
4,,349,,481.6204833984375,,-3.726351022720337,,21.533924102783203,,,
4,,359,,576.66845703125,,-5.999014377593994,,23.675785064697266,,,
4,,369,,408.86724853515625,,-4.434614658355713,,19.788711547851562,,,
4,,369,,,,,,,511.9581298828125,-4.896883010864258,22.251758575439453
4,,369,523.8192749023438,,-4.8249311447143555,,22.477163314819336,,,,
,0.001,370,,,,,,,,,
5,,379,,439.2834777832031,,-5.971531867980957,,20.614643096923828,,,
5,,389,,455.67315673828125,,-4.981833457946777,,20.984115600585938,,,
5,,399,,343.8211975097656,,-3.053152084350586,,18.170339584350586,,,
5,,409,,421.482421875,,-3.2231392860412598,,20.135526657104492,,,
5,,419,,486.036865234375,,-4.5045061111450195,,21.61919403076172,,,
5,,429,,443.37359619140625,,-2.4976987838745117,,20.558643341064453,,,
5,,439,,403.6768798828125,,-2.7823503017425537,,19.647541046142578,,,
5,,443,,,,,,,406.32672119140625,-3.637322187423706,19.752233505249023
5,,443,449.32916259765625,,-3.9643337726593018,,20.763317108154297,,,,
,0.001,444,,,,,,,,,
6,,449,,418.0447998046875,,-3.938737154006958,,19.97232437133789,,,
6,,459,,421.2939453125,,-2.5398952960968018,,20.01079750061035,,,
6,,469,,462.95782470703125,,-3.785405158996582,,21.029165267944336,,,
6,,479,,394.85064697265625,,-3.399050235748291,,19.44367218017578,,,
6,,489,,309.7510070800781,,-2.6746232509613037,,17.196331024169922,,,
6,,499,,387.1548767089844,,-2.3744852542877197,,19.162147521972656,,,
6,,509,,309.85272216796875,,-1.9839441776275635,,17.16390609741211,,,
6,,517,,,,,,,309.80072021484375,-2.4731760025024414,17.12914276123047
6,,517,371.4417419433594,,-3.062795639038086,,18.786611557006836,,,,
,0.001,518,,,,,,,,,
7,,519,,354.3769226074219,,-3.352506160736084,,18.379770278930664,,,
7,,529,,331.2134704589844,,-2.425248384475708,,17.70602798461914,,,
7,,539,,306.1644287109375,,-2.41131591796875,,17.0526065826416,,,
7,,549,,308.87445068359375,,-2.0362675189971924,,17.183528900146484,,,
7,,559,,273.99871826171875,,-1.6315608024597168,,16.080190658569336,,,
7,,569,,238.70042419433594,,-1.4049255847930908,,14.937064170837402,,,
7,,579,,226.28738403320312,,-1.2197895050048828,,14.649398803710938,,,
7,,589,,260.98492431640625,,-2.4247260093688965,,15.671895980834961,,,
7,,591,,,,,,,244.6298370361328,-1.7085341215133667,15.12366008758545
7,,591,294.4034423828125,,-2.144343137741089,,16.631839752197266,,,,
,0.001,592,,,,,,,,,
8,,599,,210.2882080078125,,-1.4840707778930664,,14.008712768554688,,,
8,,609,,268.1041564941406,,-2.0265965461730957,,15.807991027832031,,,
8,,619,,289.2613220214844,,-2.356548309326172,,16.499408721923828,,,
8,,629,,255.83270263671875,,-1.4750316143035889,,15.473999977111816,,,
8,,639,,208.6801300048828,,-1.2934772968292236,,14.024442672729492,,,
8,,649,,194.5421905517578,,-1.3023614883422852,,13.535659790039062,,,
8,,659,,156.079345703125,,-0.7905592918395996,,12.010377883911133,,,
8,,665,,,,,,,189.3677520751953,-1.0668286085128784,13.198282241821289
8,,665,226.59393310546875,,-1.3985109329223633,,14.493060111999512,,,,
,0.001,666,,,,,,,,,
9,,669,,173.39559936523438,,-0.8759825825691223,,12.63043212890625,,,
9,,679,,192.75973510742188,,-0.7284516096115112,,13.272806167602539,,,
9,,689,,168.31732177734375,,-0.5770256519317627,,12.435895919799805,,,
9,,699,,156.872314453125,,-0.8018782138824463,,12.048759460449219,,,
9,,709,,146.9225311279297,,-0.6522970199584961,,11.591819763183594,,,
9,,719,,153.94015502929688,,-0.8639662861824036,,11.924271583557129,,,
9,,729,,160.0383758544922,,-0.3606511354446411,,12.108858108520508,,,
9,,739,,183.7833251953125,,-0.2973889112472534,,12.888978958129883,,,
9,,739,,,,,,,136.70541381835938,-0.46942803263664246,11.09711742401123
9,,739,170.73533630371094,,-0.7732237577438354,,12.4730224609375,,,,
,0.001,740,,,,,,,,,
10,,749,,175.02410888671875,,-0.8510016202926636,,12.613245964050293,,,
10,,759,,103.49626159667969,,-0.048902928829193115,,9.713899612426758,,,
10,,769,,88.86663055419922,,0.0674748420715332,,8.777299880981445,,,
10,,779,,147.57986450195312,,-0.520649790763855,,11.646257400512695,,,
10,,789,,135.6669464111328,,-0.4158940017223358,,11.17580795288086,,,
10,,799,,128.14385986328125,,-0.20530110597610474,,10.73733139038086,,,
10,,809,,105.289306640625,,-0.40813788771629333,,9.765432357788086,,,
10,,813,,,,,,,97.45992279052734,-0.032929569482803345,9.293766021728516
10,,813,126.8358383178711,,-0.3060914874076843,,10.652165412902832,,,,
,0.001,814,,,,,,,,,
11,,819,,84.02984619140625,,0.27637988328933716,,8.67080307006836,,,
11,,829,,81.06029510498047,,0.20968753099441528,,8.426192283630371,,,
11,,839,,85.9810791015625,,-0.016664505004882812,,8.817394256591797,,,
11,,849,,95.43915557861328,,0.1284218430519104,,9.175442695617676,,,
11,,859,,89.66224670410156,,0.18581104278564453,,8.95134449005127,,,
11,,869,,67.73442840576172,,0.17117202281951904,,7.873079776763916,,,
11,,879,,114.93675231933594,,0.0714428722858429,,10.233293533325195,,,
11,,887,,,,,,,79.9351577758789,0.15111717581748962,8.4147367477417
11,,887,95.97193145751953,,0.01120433583855629,,9.267284393310547,,,,
,0.001,888,,,,,,,,,
12,,889,,69.97822570800781,,0.31828439235687256,,7.9532036781311035,,,
12,,899,,110.33744049072266,,-0.2865277826786041,,10.120160102844238,,,
12,,909,,66.56637573242188,,0.3293415904045105,,7.667889595031738,,,
12,,919,,102.25944519042969,,0.03530240058898926,,9.681848526000977,,,
12,,929,,69.972900390625,,0.29750871658325195,,8.10554027557373,,,
12,,939,,75.84073638916016,,0.19633203744888306,,8.381840705871582,,,
12,,949,,64.24215698242188,,0.17072135210037231,,7.61991548538208,,,
12,,959,,45.065486907958984,,0.5669393539428711,,6.332515716552734,,,
12,,961,,,,,,,57.5546875,0.3845791518688202,7.188352108001709
12,,961,73.94094848632812,,0.23966625332832336,,8.151871681213379,,,,
,0.001,962,,,,,,,,,
13,,969,,41.72026443481445,,0.47873690724372864,,6.225000381469727,,,
13,,979,,47.5013427734375,,0.5053688287734985,,6.613642692565918,,,
13,,989,,51.85348129272461,,0.3813571333885193,,7.086137771606445,,,
13,,999,,61.66761016845703,,0.37407511472702026,,7.522012710571289,,,
13,,1009,,51.79875564575195,,0.5119260549545288,,7.039571762084961,,,
13,,1019,,57.9346809387207,,0.17433086037635803,,7.442702770233154,,,
13,,1029,,73.61296081542969,,0.14867892861366272,,8.382549285888672,,,
13,,1035,,,,,,,42.51019287109375,0.5371708869934082,6.233737468719482
13,,1035,59.32819747924805,,0.3747442364692688,,7.384962558746338,,,,
,0.001,1036,,,,,,,,,
14,,1039,,54.827362060546875,,0.5213948488235474,,7.062816143035889,,,
14,,1049,,49.530052185058594,,0.5489861369132996,,6.644106388092041,,,
14,,1059,,72.05928039550781,,0.40746989846229553,,8.292449951171875,,,
14,,1069,,50.24784469604492,,0.4349558353424072,,6.878174781799316,,,
14,,1079,,34.540897369384766,,0.48257672786712646,,5.813777446746826,,,
14,,1089,,49.79412841796875,,0.5481308698654175,,6.85299825668335,,,
14,,1099,,50.50694274902344,,0.5004169940948486,,6.8993449211120605,,,
14,,1109,,75.0483169555664,,0.14956751465797424,,8.518306732177734,,,
14,,1109,,,,,,,35.74280548095703,0.6001154780387878,5.800344467163086
14,,1109,50.08586120605469,,0.46223539113998413,,6.858391761779785,,,,
,0.001,1110,,,,,,,,,
15,,1119,,60.24510192871094,,0.15043887495994568,,7.656473159790039,,,
15,,1129,,36.42256164550781,,0.551652729511261,,5.962632179260254,,,
15,,1139,,44.7508659362793,,0.5548619031906128,,6.540108680725098,,,
15,,1149,,35.27371597290039,,0.654215931892395,,5.729223728179932,,,
15,,1159,,41.04862594604492,,0.5913143157958984,,6.266463279724121,,,
15,,1169,,42.489742279052734,,0.6414153575897217,,6.383113861083984,,,
15,,1179,,37.58611297607422,,0.6379314661026001,,6.046015739440918,,,
15,,1183,,,,,,,32.95326614379883,0.6256149411201477,5.5927863121032715
15,,1183,45.36513137817383,,0.4971204400062561,,6.576208114624023,,,,
,0.001,1184,,,,,,,,,
16,,1189,,48.936405181884766,,0.4228837192058563,,6.905736446380615,,,
16,,1199,,40.19053649902344,,0.40116703510284424,,6.252715110778809,,,
16,,1209,,42.59457015991211,,0.49514079093933105,,6.480733871459961,,,
16,,1219,,40.40963363647461,,0.5905060768127441,,6.272392272949219,,,
16,,1229,,34.820404052734375,,0.566032886505127,,5.860836982727051,,,
16,,1239,,54.35990905761719,,0.5280879735946655,,7.089175224304199,,,
16,,1249,,49.1953239440918,,0.38750743865966797,,6.872154712677002,,,
16,,1257,,,,,,,27.823814392089844,0.6770839095115662,5.167715072631836
16,,1257,41.26871871948242,,0.543481171131134,,6.289889335632324,,,,
,0.001,1258,,,,,,,,,
17,,1259,,29.685497283935547,,0.6860125064849854,,5.392568111419678,,,
17,,1269,,34.65462875366211,,0.6207772493362427,,5.811703681945801,,,
17,,1279,,36.06287384033203,,0.5831388235092163,,5.948883056640625,,,
17,,1289,,33.90128707885742,,0.6889635324478149,,5.697445869445801,,,
17,,1299,,49.93442916870117,,0.46174249053001404,,6.910636901855469,,,
17,,1309,,39.00526809692383,,0.5808174014091492,,6.189841270446777,,,
17,,1319,,45.72731018066406,,0.4270809590816498,,6.65013313293457,,,
17,,1329,,37.855140686035156,,0.6581103801727295,,6.121936798095703,,,
17,,1331,,,,,,,28.397613525390625,0.6656938195228577,5.2566375732421875
17,,1331,37.67990493774414,,0.5787261724472046,,6.03007173538208,,,,
,0.001,1332,,,,,,,,,
18,,1339,,47.8031005859375,,0.555148720741272,,6.828769207000732,,,
18,,1349,,46.38235855102539,,0.4546954929828644,,6.695486068725586,,,
18,,1359,,50.260780334472656,,0.5785042643547058,,6.992881774902344,,,
18,,1369,,38.59076690673828,,0.5280238389968872,,6.082852363586426,,,
18,,1379,,43.9638557434082,,0.47027868032455444,,6.550339221954346,,,
18,,1389,,34.981136322021484,,0.5891159772872925,,5.893258094787598,,,
18,,1399,,41.240966796875,,0.47509297728538513,,6.372392177581787,,,
18,,1405,,,,,,,24.782249450683594,0.705797016620636,4.917032718658447
18,,1405,37.50335693359375,,0.5785460472106934,,6.024692535400391,,,,
,0.001,1406,,,,,,,,,
19,,1409,,33.118736267089844,,0.660740852355957,,5.7004852294921875,,,
19,,1419,,29.85324478149414,,0.6399434804916382,,5.439638137817383,,,
19,,1429,,39.08112335205078,,0.5170320272445679,,6.232059478759766,,,
19,,1439,,28.32394790649414,,0.7172395586967468,,5.275242805480957,,,
19,,1449,,33.13292694091797,,0.6124340891838074,,5.7146100997924805,,,
19,,1459,,34.34969711303711,,0.6218310594558716,,5.810549736022949,,,
19,,1469,,26.784679412841797,,0.6645054817199707,,5.124275207519531,,,
19,,1479,,42.539608001708984,,0.34093040227890015,,6.4723005294799805,,,
19,,1479,,,,,,,24.498212814331055,0.7112215161323547,4.881558895111084
19,,1479,35.06093215942383,,0.6045714020729065,,5.829719543457031,,,,
,0.001,1480,,,,,,,,,
20,,1489,,38.06623840332031,,0.5616355538368225,,6.132993698120117,,,
20,,1499,,45.550506591796875,,0.503314197063446,,6.694594860076904,,,
20,,1509,,37.360374450683594,,0.6123964786529541,,6.042516708374023,,,
20,,1519,,30.90867805480957,,0.6817636489868164,,5.461674690246582,,,
20,,1529,,41.75571823120117,,0.42434850335121155,,6.410962104797363,,,
20,,1539,,36.46498107910156,,0.5958149433135986,,6.011198997497559,,,
20,,1549,,37.7025146484375,,0.3435581624507904,,6.10420036315918,,,
20,,1553,,,,,,,24.07527732849121,0.7161393165588379,4.832850933074951
20,,1553,35.87253952026367,,0.5948331356048584,,5.898861408233643,,,,
,0.001,1554,,,,,,,,,
21,,1559,,40.76035690307617,,0.5858196020126343,,6.289454460144043,,,
21,,1569,,32.43498229980469,,0.6368732452392578,,5.654664039611816,,,
21,,1579,,33.4328727722168,,0.635955810546875,,5.6925482749938965,,,
21,,1589,,42.38636779785156,,0.396610826253891,,6.447332382202148,,,
21,,1599,,31.541305541992188,,0.6208888292312622,,5.537114143371582,,,
21,,1609,,35.09637451171875,,0.5926553606987,,5.862417697906494,,,
21,,1619,,21.894737243652344,,0.7440711259841919,,4.647066116333008,,,
21,,1627,,,,,,,23.18221664428711,0.7247132658958435,4.750244617462158
21,,1627,33.900482177734375,,0.6142672896385193,,5.737848281860352,,,,
,0.001,1628,,,,,,,,,
22,,1629,,40.83938980102539,,0.6292372941970825,,6.313075065612793,,,
22,,1639,,28.32670783996582,,0.6797676086425781,,5.275152206420898,,,
22,,1649,,39.0320930480957,,0.5190457701683044,,6.175253868103027,,,
22,,1659,,26.45018768310547,,0.6012563705444336,,5.115240097045898,,,
22,,1669,,33.333866119384766,,0.6233168840408325,,5.769708633422852,,,
22,,1679,,33.833431243896484,,0.6259623169898987,,5.751904010772705,,,
22,,1689,,29.7297306060791,,0.6349076628684998,,5.366070747375488,,,
22,,1699,,28.463224411010742,,0.6329734325408936,,5.311689376831055,,,
22,,1701,,,,,,,23.479530334472656,0.7215554118156433,4.773590564727783
22,,1701,33.7891960144043,,0.6133320331573486,,5.736213207244873,,,,
,0.001,1702,,,,,,,,,
23,,1709,,26.01873779296875,,0.7511295676231384,,5.055462837219238,,,
23,,1719,,28.699567794799805,,0.5237390995025635,,5.3470964431762695,,,
23,,1729,,34.736331939697266,,0.5932656526565552,,5.819007873535156,,,
23,,1739,,24.364927291870117,,0.6902075409889221,,4.902547836303711,,,
23,,1749,,28.07090187072754,,0.7298803329467773,,5.276888370513916,,,
23,,1759,,33.530033111572266,,0.6699658036231995,,5.761196136474609,,,
23,,1769,,25.269817352294922,,0.6934011578559875,,5.025211811065674,,,
23,,1775,,,,,,,23.844005584716797,0.7168176174163818,4.817749977111816
23,,1775,34.94824981689453,,0.6020313501358032,,5.8153181076049805,,,,
,0.001,1776,,,,,,,,,
24,,1779,,30.12322425842285,,0.7382130026817322,,5.38896369934082,,,
24,,1789,,22.89808464050293,,0.7167639136314392,,4.729757308959961,,,
24,,1799,,21.912561416625977,,0.7202610373497009,,4.652921676635742,,,
24,,1809,,19.92802619934082,,0.7536458969116211,,4.430987358093262,,,
24,,1819,,35.32415771484375,,0.4833011031150818,,5.866070747375488,,,
24,,1829,,30.23413848876953,,0.6320966482162476,,5.461084365844727,,,
24,,1839,,30.491167068481445,,0.6791824698448181,,5.427578926086426,,,
24,,1849,,46.99095916748047,,0.47762203216552734,,6.751382827758789,,,
24,,1849,,,,,,,24.2501277923584,0.7110280394554138,4.8600873947143555
24,,1849,32.974082946777344,,0.6262086629867554,,5.653375148773193,,,,
,0.001,1850,,,,,,,,,
25,,1859,,27.081775665283203,,0.6015996932983398,,5.172393798828125,,,
25,,1869,,35.988956451416016,,0.5662106275558472,,5.965749740600586,,,
25,,1879,,33.417057037353516,,0.6604422926902771,,5.7580156326293945,,,
25,,1889,,40.79257583618164,,0.6459070444107056,,6.334431171417236,,,
25,,1899,,36.05573272705078,,0.6124931573867798,,5.944859504699707,,,
25,,1909,,45.55467987060547,,0.464538037776947,,6.6937360763549805,,,
25,,1919,,29.34551239013672,,0.6422874331474304,,5.384627342224121,,,
25,,1923,,,,,,,22.227628707885742,0.7373825907707214,4.640181541442871
25,,1923,33.922935485839844,,0.6147567629814148,,5.738088130950928,,,,
,0.001,1924,,,,,,,,,
26,,1929,,38.70902633666992,,0.6121105551719666,,6.157670974731445,,,
26,,1939,,26.34324073791504,,0.6664018630981445,,5.032054901123047,,,
26,,1949,,38.985225677490234,,0.6839516162872314,,6.169981956481934,,,
26,,1959,,29.37391471862793,,0.6562916040420532,,5.38993501663208,,,
26,,1969,,41.43918228149414,,0.6502999663352966,,6.3929595947265625,,,
26,,1979,,28.45568084716797,,0.5978352427482605,,5.2619829177856445,,,
26,,1989,,26.52459144592285,,0.7055567502975464,,5.134333610534668,,,
26,,1997,,,,,,,22.143056869506836,0.73804771900177,4.6353912353515625
26,,1997,30.73402976989746,,0.6533930897712708,,5.463675022125244,,,,
,0.001,1998,,,,,,,,,
27,,1999,,25.446537017822266,,0.6836734414100647,,4.998871803283691,,,
27,,2009,,24.34943199157715,,0.6995327472686768,,4.883474349975586,,,
27,,2019,,32.83834457397461,,0.6008355617523193,,5.666722774505615,,,
27,,2029,,21.718196868896484,,0.632498025894165,,4.600282192230225,,,
27,,2039,,43.45172882080078,,0.5369505882263184,,6.530617713928223,,,
27,,2049,,37.020843505859375,,0.6711735725402832,,6.040314197540283,,,
27,,2059,,24.881576538085938,,0.7551729679107666,,4.931756973266602,,,
27,,2069,,38.163169860839844,,0.592544674873352,,6.111480236053467,,,
27,,2071,,,,,,,22.380661010742188,0.7330453395843506,4.66733980178833
27,,2071,31.465242385864258,,0.6448763608932495,,5.520874977111816,,,,
,0.001,2072,,,,,,,,,
28,,2079,,37.715919494628906,,0.5424075722694397,,6.10577392578125,,,
28,,2089,,37.44318389892578,,0.6861449480056763,,6.044315338134766,,,
28,,2099,,26.250953674316406,,0.672034740447998,,5.0695481300354,,,
28,,2109,,34.358795166015625,,0.6784476637840271,,5.818176746368408,,,
28,,2119,,35.739341735839844,,0.5566253066062927,,5.944345474243164,,,
28,,2129,,25.317596435546875,,0.6976479291915894,,4.97202205657959,,,
28,,2139,,34.97659683227539,,0.6956930756568909,,5.8548054695129395,,,
28,,2145,,,,,,,21.279911041259766,0.7474678754806519,4.540915012359619
28,,2145,32.211666107177734,,0.63138347864151,,5.600198745727539,,,,
,0.001,2146,,,,,,,,,
29,,2149,,27.396373748779297,,0.6966480016708374,,5.204242706298828,,,
29,,2159,,23.042118072509766,,0.7472611665725708,,4.732626914978027,,,
29,,2169,,19.276742935180664,,0.7601878046989441,,4.375204086303711,,,
29,,2179,,29.339942932128906,,0.576268196105957,,5.369949817657471,,,
29,,2189,,26.492794036865234,,0.7627748250961304,,5.05558967590332,,,
29,,2199,,28.421768188476562,,0.7411648631095886,,5.241912841796875,,,
29,,2209,,32.821903228759766,,0.6960612535476685,,5.668786525726318,,,
29,,2219,,26.04044532775879,,0.7469481229782104,,5.068111896514893,,,
29,,2219,,,,,,,21.972570419311523,0.7382997274398804,4.603726387023926
29,,2219,30.721466064453125,,0.6520048379898071,,5.46299409866333,,,,
,0.001,2220,,,,,,,,,
30,,2229,,32.68722152709961,,0.6791965961456299,,5.652312278747559,,,
30,,2239,,28.261390686035156,,0.604444146156311,,5.279998779296875,,,
30,,2249,,26.669919967651367,,0.6229215860366821,,5.109498500823975,,,
30,,2259,,21.06123161315918,,0.7674811482429504,,4.555649280548096,,,
30,,2269,,24.786808013916016,,0.7327734231948853,,4.926993370056152,,,
30,,2279,,20.52344512939453,,0.7223970293998718,,4.5143632888793945,,,
30,,2289,,27.806499481201172,,0.6383938193321228,,5.2498321533203125,,,
30,,2293,,,,,,,20.93351936340332,0.752440333366394,4.4943461418151855
30,,2293,31.007699966430664,,0.646993100643158,,5.473440647125244,,,,
,0.001,2294,,,,,,,,,
31,,2299,,36.369022369384766,,0.5806718468666077,,5.976008892059326,,,
31,,2309,,21.21770477294922,,0.7838314771652222,,4.582213401794434,,,
31,,2319,,37.75761032104492,,0.5739999413490295,,6.08984375,,,
31,,2329,,25.923982620239258,,0.661562442779541,,5.081657409667969,,,
31,,2339,,26.677865982055664,,0.7035839557647705,,5.123997688293457,,,
31,,2349,,38.203582763671875,,0.5389924049377441,,6.119837284088135,,,
31,,2359,,26.699045181274414,,0.7107622623443604,,5.122284889221191,,,
31,,2367,,,,,,,20.630870819091797,0.7555385828018188,4.466824531555176
31,,2367,30.952213287353516,,0.6513805389404297,,5.46743106842041,,,,
,0.001,2368,,,,,,,,,
32,,2369,,32.62398147583008,,0.652872622013092,,5.672614097595215,,,
32,,2379,,20.04363250732422,,0.7804092168807983,,4.44040060043335,,,
32,,2389,,25.9675350189209,,0.6862704753875732,,5.074191093444824,,,
32,,2399,,37.68912124633789,,0.504174530506134,,6.090823173522949,,,
32,,2409,,19.699893951416016,,0.7572842836380005,,4.417153358459473,,,
32,,2419,,30.16830062866211,,0.6622890830039978,,5.449742317199707,,,
32,,2429,,30.675167083740234,,0.7036657333374023,,5.5109992027282715,,,
32,,2439,,32.50116729736328,,0.6395775079727173,,5.649649620056152,,,
32,,2441,,,,,,,20.516836166381836,0.7561852931976318,4.4660210609436035
32,,2441,30.857040405273438,,0.6480268239974976,,5.467540740966797,,,,
,0.001,2442,,,,,,,,,
33,,2449,,33.102027893066406,,0.647186279296875,,5.712121963500977,,,
33,,2459,,15.856980323791504,,0.8187984228134155,,3.9556260108947754,,,
33,,2469,,33.58934783935547,,0.5337308645248413,,5.7500386238098145,,,
33,,2479,,18.530364990234375,,0.7679327130317688,,4.301482677459717,,,
33,,2489,,24.10414695739746,,0.6650220155715942,,4.8478851318359375,,,
33,,2499,,23.97284698486328,,0.6912908554077148,,4.886463642120361,,,
33,,2509,,23.885644912719727,,0.6741939187049866,,4.842907428741455,,,
33,,2515,,,,,,,19.587053298950195,0.7670931816101074,4.349198341369629
33,,2515,29.575973510742188,,0.6646836400032043,,5.355664253234863,,,,
,0.001,2516,,,,,,,,,
34,,2519,,38.16783142089844,,0.44268420338630676,,6.119450569152832,,,
34,,2529,,31.668006896972656,,0.6279565691947937,,5.5407490730285645,,,
34,,2539,,26.143945693969727,,0.6201075315475464,,5.0540008544921875,,,
34,,2549,,29.622159957885742,,0.7399365901947021,,5.405583381652832,,,
34,,2559,,31.71600341796875,,0.6544727087020874,,5.590342044830322,,,
34,,2569,,23.56878662109375,,0.7183009386062622,,4.794652938842773,,,
34,,2579,,19.782217025756836,,0.8131570816040039,,4.40447998046875,,,
34,,2589,,43.685787200927734,,0.3969496488571167,,6.466606140136719,,,
34,,2589,,,,,,,20.508813858032227,0.7574455142021179,4.453925609588623
34,,2589,30.259212493896484,,0.6577121019363403,,5.406750679016113,,,,
,0.001,2590,,,,,,,,,
35,,2599,,18.211933135986328,,0.7517576217651367,,4.218793869018555,,,
35,,2609,,20.271595001220703,,0.7379055023193359,,4.462916374206543,,,
35,,2619,,32.44552993774414,,0.6236413717269897,,5.663747787475586,,,
35,,2629,,20.81076431274414,,0.8000506162643433,,4.549461364746094,,,
35,,2639,,24.234636306762695,,0.7532694339752197,,4.888049125671387,,,
35,,2649,,24.52606773376465,,0.7219576835632324,,4.906460762023926,,,
35,,2659,,39.68844223022461,,0.4307948350906372,,6.257411479949951,,,
35,,2663,,,,,,,19.83260726928711,0.7654244303703308,4.380741119384766
35,,2663,29.976097106933594,,0.6596798896789551,,5.386170864105225,,,,
,0.001,2664,,,,,,,,,
36,,2669,,28.40288543701172,,0.753972053527832,,5.2103376388549805,,,
36,,2679,,27.5543155670166,,0.7309775352478027,,5.191170692443848,,,
36,,2689,,40.105140686035156,,0.6069072484970093,,6.281827449798584,,,
36,,2699,,41.850154876708984,,0.4669170677661896,,6.433004856109619,,,
36,,2709,,35.706939697265625,,0.6168999075889587,,5.878494739532471,,,
36,,2719,,23.50255012512207,,0.6703848838806152,,4.845412254333496,,,
36,,2729,,30.500015258789062,,0.6536443829536438,,5.484935760498047,,,
36,,2737,,,,,,,19.336992263793945,0.7696215510368347,4.323400020599365
36,,2737,28.841629028320312,,0.6751936674118042,,5.274366855621338,,,,
,0.001,2738,,,,,,,,,
37,,2739,,25.84390640258789,,0.7289042472839355,,5.026883125305176,,,
37,,2749,,51.68950653076172,,0.5556174516677856,,7.146597385406494,,,
37,,2759,,25.04407501220703,,0.548336386680603,,4.972857475280762,,,
37,,2769,,29.035104751586914,,0.6201378703117371,,5.35907506942749,,,
37,,2779,,20.253921508789062,,0.7520653009414673,,4.470003604888916,,,
37,,2789,,26.031951904296875,,0.6699234247207642,,5.074213027954102,,,
37,,2799,,27.08844566345215,,0.7067208290100098,,5.169227600097656,,,
37,,2809,,27.337018966674805,,0.6931537389755249,,5.19650411605835,,,
37,,2811,,,,,,,19.4003963470459,0.7711511254310608,4.3203654289245605
37,,2811,28.885059356689453,,0.6713170409202576,,5.287449836730957,,,,
,0.001,2812,,,,,,,,,
38,,2819,,28.860698699951172,,0.6430761218070984,,5.328487396240234,,,
38,,2829,,19.20890235900879,,0.7456961870193481,,4.3341193199157715,,,
38,,2839,,21.73774528503418,,0.7991461157798767,,4.611808776855469,,,
38,,2849,,29.858552932739258,,0.7068822383880615,,5.454334735870361,,,
38,,2859,,35.39810562133789,,0.7124187350273132,,5.832696914672852,,,
38,,2869,,26.756345748901367,,0.606212317943573,,5.121824264526367,,,
38,,2879,,39.23732376098633,,0.5992453098297119,,6.214808940887451,,,
38,,2885,,,,,,,20.223159790039062,0.7607067823410034,4.420237064361572
38,,2885,28.82950782775879,,0.67551589012146,,5.278092861175537,,,,
,0.001,2886,,,,,,,,,
39,,2889,,24.060993194580078,,0.7117428779602051,,4.871426582336426,,,
39,,2899,,28.598697662353516,,0.6399145126342773,,5.320085525512695,,,
39,,2909,,28.770381927490234,,0.6176690459251404,,5.338700771331787,,,
39,,2919,,44.31218338012695,,0.46088820695877075,,6.58540153503418,,,
39,,2929,,22.628753662109375,,0.7629432678222656,,4.73823881149292,,,
39,,2939,,27.92919158935547,,0.7383476495742798,,5.1980133056640625,,,
39,,2949,,32.007362365722656,,0.655055820941925,,5.607073783874512,,,
39,,2959,,33.63964080810547,,0.5454800128936768,,5.766932487487793,,,
39,,2959,,,,,,,19.199535369873047,0.7721745371818542,4.3037638664245605
39,,2959,27.634761810302734,,0.6844495534896851,,5.175197601318359,,,,
,0.001,2960,,,,,,,,,
40,,2969,,26.642452239990234,,0.5642560720443726,,5.146394729614258,,,
40,,2979,,34.8043327331543,,0.6256123185157776,,5.863748550415039,,,
40,,2989,,22.71270179748535,,0.7857539057731628,,4.69892692565918,,,
40,,2999,,31.2368106842041,,0.6993176341056824,,5.5399861335754395,,,
40,,3009,,29.714797973632812,,0.6791191697120667,,5.399704933166504,,,
40,,3019,,36.56870651245117,,0.6795741319656372,,6.011574745178223,,,
40,,3029,,21.343673706054688,,0.692582368850708,,4.594386577606201,,,
40,,3033,,,,,,,20.030696868896484,0.7633208632469177,4.399377346038818
40,,3033,28.431732177734375,,0.677033007144928,,5.2394866943359375,,,,
,0.001,3034,,,,,,,,,
41,,3039,,29.69838523864746,,0.7215753197669983,,5.37666654586792,,,
41,,3049,,32.7199592590332,,0.6352100372314453,,5.6565961837768555,,,
41,,3059,,27.391958236694336,,0.6558718085289001,,5.21265172958374,,,
41,,3069,,20.155391693115234,,0.7745329141616821,,4.432653427124023,,,
41,,3079,,44.85859680175781,,0.5422759056091309,,6.649069786071777,,,
41,,3089,,46.170196533203125,,0.6070683598518372,,6.711026191711426,,,
41,,3099,,33.325294494628906,,0.6119382381439209,,5.731233596801758,,,
41,,3107,,,,,,,18.14466667175293,0.7863932251930237,4.17695951461792
41,,3107,27.932846069335938,,0.6846050024032593,,5.20048713684082,,,,
,0.001,3108,,,,,,,,,
42,,3109,,18.4406681060791,,0.8343400955200195,,4.27995491027832,,,
42,,3119,,22.7139835357666,,0.7839987277984619,,4.701741695404053,,,
42,,3129,,26.780105590820312,,0.6102040410041809,,5.126978874206543,,,
42,,3139,,23.27411651611328,,0.7583600878715515,,4.8155927658081055,,,
42,,3149,,18.744905471801758,,0.7663735151290894,,4.308942794799805,,,
42,,3159,,31.135360717773438,,0.5604475736618042,,5.513223648071289,,,
42,,3169,,41.48271942138672,,0.5420966148376465,,6.379275321960449,,,
42,,3179,,26.144458770751953,,0.7210904359817505,,5.027769088745117,,,
42,,3181,,,,,,,18.376056671142578,0.7820174694061279,4.211623191833496
42,,3181,28.592592239379883,,0.6703007817268372,,5.258205413818359,,,,
,0.001,3182,,,,,,,,,
43,,3189,,28.92041015625,,0.740343451499939,,5.327213287353516,,,
43,,3199,,17.549365997314453,,0.7808465957641602,,4.175580024719238,,,
43,,3209,,27.592262268066406,,0.6943892240524292,,5.19746732711792,,,
43,,3219,,16.61534881591797,,0.8370043039321899,,4.02023983001709,,,
43,,3229,,21.691062927246094,,0.7638931274414062,,4.634289741516113,,,
43,,3239,,32.99121856689453,,0.5489140748977661,,5.657718658447266,,,
43,,3249,,26.60672378540039,,0.7756296396255493,,5.073489189147949,,,
43,,3255,,,,,,,19.160655975341797,0.7730364203453064,4.292021751403809
43,,3255,26.78803253173828,,0.6942511796951294,,5.088477611541748,,,,
,0.001,3256,,,,,,,,,
44,,3259,,23.043933868408203,,0.7365633249282837,,4.7534260749816895,,,
44,,3269,,22.105396270751953,,0.7889828681945801,,4.609120845794678,,,
44,,3279,,28.04265022277832,,0.6744703650474548,,5.249936103820801,,,
44,,3289,,23.31193733215332,,0.6150779724121094,,4.793445587158203,,,
44,,3299,,32.70530700683594,,0.5164686441421509,,5.655306339263916,,,
44,,3309,,28.646320343017578,,0.6831619143486023,,5.272884368896484,,,
44,,3319,,43.289573669433594,,0.4626070559024811,,6.498595237731934,,,
44,,3329,,26.91123390197754,,0.7615794539451599,,5.172122001647949,,,
44,,3329,,,,,,,17.897422790527344,0.7887197732925415,4.158085346221924
44,,3329,27.187686920166016,,0.6918843388557434,,5.12530517578125,,,,
,0.001,3330,,,,,,,,,
45,,3339,,20.70828628540039,,0.7687597274780273,,4.51898717880249,,,
45,,3349,,30.178340911865234,,0.6307052373886108,,5.443848133087158,,,
45,,3359,,18.65746307373047,,0.7292467355728149,,4.304074287414551,,,
45,,3369,,43.26427459716797,,0.5296859741210938,,6.5350446701049805,,,
45,,3379,,31.269336700439453,,0.6941114664077759,,5.533727645874023,,,
45,,3389,,24.123334884643555,,0.7307450771331787,,4.890361785888672,,,
45,,3399,,26.902423858642578,,0.6748218536376953,,5.142730236053467,,,
45,,3403,,,,,,,18.360132217407227,0.7827463150024414,4.203192710876465
45,,3403,27.048858642578125,,0.6920502781867981,,5.115893363952637,,,,
,0.001,3404,,,,,,,,,
46,,3409,,19.503555297851562,,0.7584182024002075,,4.377892971038818,,,
46,,3419,,18.43878936767578,,0.7350209355354309,,4.2427077293396,,,
46,,3429,,16.04200553894043,,0.789861261844635,,3.964736223220825,,,
46,,3439,,28.514541625976562,,0.665486752986908,,5.284763336181641,,,
46,,3449,,25.693527221679688,,0.6194776892662048,,5.031951904296875,,,
46,,3459,,22.5205078125,,0.6915719509124756,,4.723994255065918,,,
46,,3469,,26.813335418701172,,0.7672701478004456,,5.107521057128906,,,
46,,3477,,,,,,,18.471290588378906,0.7813572287559509,4.214519500732422
46,,3477,26.461837768554688,,0.6997090578079224,,5.05203104019165,,,,
,0.001,3478,,,,,,,,,
47,,3479,,27.067047119140625,,0.7301875948905945,,5.1103925704956055,,,
47,,3489,,21.08354949951172,,0.7809215188026428,,4.550105094909668,,,
47,,3499,,25.62801170349121,,0.7459357976913452,,4.987749099731445,,,
47,,3509,,37.20978927612305,,0.5578965544700623,,6.009468078613281,,,
47,,3519,,22.651708602905273,,0.7362245321273804,,4.733547210693359,,,
47,,3529,,31.24995994567871,,0.7635422945022583,,5.545123100280762,,,
47,,3539,,19.184146881103516,,0.7775827646255493,,4.337992191314697,,,
47,,3549,,15.362565040588379,,0.7985585927963257,,3.882685422897339,,,
47,,3551,,,,,,,18.56385040283203,0.7814236283302307,4.232569217681885
47,,3551,26.609262466430664,,0.6967311501502991,,5.069770812988281,,,,
,0.001,3552,,,,,,,,,
48,,3559,,17.732999801635742,,0.7553181052207947,,4.171271800994873,,,
48,,3569,,22.910741806030273,,0.7701010704040527,,4.737112998962402,,,
48,,3579,,22.060302734375,,0.718429446220398,,4.670889854431152,,,
48,,3589,,30.04368019104004,,0.5820537805557251,,5.448912620544434,,,
48,,3599,,18.97157859802246,,0.8034406900405884,,4.3006591796875,,,
48,,3609,,16.930335998535156,,0.8370574712753296,,4.089455604553223,,,
48,,3619,,17.1088809967041,,0.8066241145133972,,4.069355010986328,,,
48,,3625,,,,,,,19.212890625,0.7729282379150391,4.307405948638916
48,,3625,26.283641815185547,,0.7027366757392883,,5.039310455322266,,,,
,0.001,3626,,,,,,,,,
49,,3629,,22.551414489746094,,0.7477012872695923,,4.712926387786865,,,
49,,3639,,34.86699676513672,,0.591191828250885,,5.816521644592285,,,
49,,3649,,28.81446075439453,,0.6219531297683716,,5.3177971839904785,,,
49,,3659,,36.31719207763672,,0.6004524230957031,,5.984472274780273,,,
49,,3669,,29.40873908996582,,0.6643345355987549,,5.397981643676758,,,
49,,3679,,25.70459747314453,,0.5828627943992615,,5.019007682800293,,,
49,,3689,,29.99625587463379,,0.6397361755371094,,5.452987194061279,,,
49,,3699,,38.496620178222656,,0.7105568647384644,,6.138678550720215,,,
49,,3699,,,,,,,17.90303611755371,0.788665771484375,4.143501281738281
49,,3699,26.123823165893555,,0.7041939496994019,,5.0195112228393555,,,,
,0.001,3700,,,,,,,,,
50,,3709,,19.61028480529785,,0.7561442852020264,,4.3993964195251465,,,
50,,3719,,30.60344123840332,,0.6414037942886353,,5.476308345794678,,,
50,,3729,,27.416513442993164,,0.6482437252998352,,5.187665939331055,,,
50,,3739,,24.663150787353516,,0.7077107429504395,,4.929722309112549,,,
50,,3749,,32.935081481933594,,0.6631008386611938,,5.667975425720215,,,
50,,3759,,26.534934997558594,,0.6834853887557983,,5.120759963989258,,,
50,,3769,,34.401458740234375,,0.638823390007019,,5.74751091003418,,,
50,,3773,,,,,,,17.55434799194336,0.7924960851669312,4.10683012008667
50,,3773,27.38936424255371,,0.6875729560852051,,5.150978088378906,,,,
,0.001,3774,,,,,,,,,
51,,3779,,21.777658462524414,,0.7447189092636108,,4.615612983703613,,,
51,,3789,,25.631732940673828,,0.7158021926879883,,5.036947250366211,,,
51,,3799,,26.508434295654297,,0.7088929414749146,,5.127331733703613,,,
51,,3809,,27.99882698059082,,0.6386967301368713,,5.277214050292969,,,
51,,3819,,13.416987419128418,,0.8317664861679077,,3.636467695236206,,,
51,,3829,,19.79751205444336,,0.7786003351211548,,4.382983207702637,,,
51,,3839,,17.737308502197266,,0.7735689282417297,,4.1921210289001465,,,
51,,3847,,,,,,,18.46965980529785,0.7822184562683105,4.208932399749756
51,,3847,25.614490509033203,,0.7083034515380859,,4.977852821350098,,,,
,0.001,3848,,,,,,,,,
52,,3849,,34.27394104003906,,0.6298832893371582,,5.7927398681640625,,,
52,,3859,,49.52880096435547,,0.5174314975738525,,6.914497375488281,,,
52,,3869,,24.939258575439453,,0.7565380334854126,,4.949768543243408,,,
52,,3879,,18.05601692199707,,0.7506628036499023,,4.221737861633301,,,
52,,3889,,27.713333129882812,,0.6813802123069763,,5.218771934509277,,,
52,,3899,,33.736907958984375,,0.6630387306213379,,5.788595199584961,,,
52,,3909,,19.413658142089844,,0.7630080580711365,,4.376346111297607,,,
52,,3919,,39.819358825683594,,0.5445166826248169,,6.214139938354492,,,
52,,3921,,,,,,,18.996341705322266,0.7772225141525269,4.279686450958252
52,,3921,27.844640731811523,,0.6852645874023438,,5.18674373626709,,,,
,0.001,3922,,,,,,,,,
53,,3929,,36.18026351928711,,0.6060349941253662,,5.970684051513672,,,
53,,3939,,31.75455093383789,,0.6607180237770081,,5.607056617736816,,,
53,,3949,,33.321041107177734,,0.6769384145736694,,5.68117094039917,,,
53,,3959,,27.259431838989258,,0.6123577356338501,,5.182337284088135,,,
53,,3969,,21.57720184326172,,0.765526533126831,,4.616406440734863,,,
53,,3979,,22.994728088378906,,0.7474124431610107,,4.779789924621582,,,
53,,3989,,16.708820343017578,,0.8120790719985962,,4.06901741027832,,,
53,,3995,,,,,,,16.9663028717041,0.8006997108459473,4.033493518829346
53,,3995,26.02274513244629,,0.7028804421424866,,5.0208868980407715,,,,
,0.001,3996,,,,,,,,,
54,,3999,,23.985702514648438,,0.7395009398460388,,4.883689880371094,,,
54,,4009,,22.390804290771484,,0.7455998659133911,,4.707669734954834,,,
54,,4019,,14.495736122131348,,0.7952299118041992,,3.7771077156066895,,,
54,,4029,,21.15271759033203,,0.7443078756332397,,4.577286243438721,,,
54,,4039,,34.824642181396484,,0.6629423499107361,,5.845754623413086,,,
54,,4049,,24.364004135131836,,0.679183840751648,,4.871633529663086,,,
54,,4059,,22.521825790405273,,0.7159426808357239,,4.712325096130371,,,
54,,4069,,20.863555908203125,,0.7772053480148315,,4.493724822998047,,,
54,,4069,,,,,,,16.59000015258789,0.8033564686775208,3.983793258666992
54,,4069,26.476322174072266,,0.6948145031929016,,5.057301998138428,,,,
,0.001,4070,,,,,,,,,
55,,4079,,35.855770111083984,,0.6637573838233948,,5.924327373504639,,,
55,,4089,,29.22109603881836,,0.719647228717804,,5.309468746185303,,,
55,,4099,,26.191864013671875,,0.6986479759216309,,5.053641319274902,,,
55,,4109,,35.54151916503906,,0.6894115209579468,,5.904178142547607,,,
55,,4119,,22.446819305419922,,0.689628005027771,,4.721860885620117,,,
55,,4129,,31.051856994628906,,0.7086486220359802,,5.533587455749512,,,
55,,4139,,22.820079803466797,,0.7542953491210938,,4.751094341278076,,,
55,,4143,,,,,,,17.921493530273438,0.7890400290489197,4.136848449707031
55,,4143,26.437498092651367,,0.6975333094596863,,5.053192615509033,,,,
,0.001,4144,,,,,,,,,
56,,4149,,20.42774200439453,,0.8026498556137085,,4.478439807891846,,,
56,,4159,,36.201114654541016,,0.6660866737365723,,5.951960563659668,,,
56,,4169,,18.350582122802734,,0.7679452896118164,,4.2413249015808105,,,
56,,4179,,25.16806411743164,,0.6631276607513428,,4.966892719268799,,,
56,,4189,,26.617263793945312,,0.7313104867935181,,5.0071845054626465,,,
56,,4199,,22.756393432617188,,0.7264898419380188,,4.704948425292969,,,
56,,4209,,27.41263771057129,,0.6298173069953918,,5.213722229003906,,,
56,,4217,,,,,,,18.44784164428711,0.781960129737854,4.2231340408325195
56,,4217,25.776470184326172,,0.7085198760032654,,4.997666358947754,,,,
,0.001,4218,,,,,,,,,
57,,4219,,21.305376052856445,,0.6931847333908081,,4.596934795379639,,,
57,,4229,,26.952392578125,,0.6632260084152222,,5.175895690917969,,,
57,,4239,,25.758520126342773,,0.7093522548675537,,5.011124610900879,,,
57,,4249,,23.904582977294922,,0.7149685025215149,,4.864998817443848,,,
57,,4259,,32.85399627685547,,0.5416784286499023,,5.678286552429199,,,
57,,4269,,35.63101577758789,,0.5487254858016968,,5.919882774353027,,,
57,,4279,,41.84443664550781,,0.5862718224525452,,6.3850603103637695,,,
57,,4289,,28.91149139404297,,0.6787247657775879,,5.343381881713867,,,
57,,4291,,,,,,,16.857507705688477,0.8008310794830322,4.014504432678223
57,,4291,26.443599700927734,,0.6979737877845764,,5.051512241363525,,,,
,0.001,4292,,,,,,,,,
58,,4299,,19.223697662353516,,0.74782395362854,,4.366045951843262,,,
58,,4309,,26.29200553894043,,0.7384471893310547,,5.095985412597656,,,
58,,4319,,20.606719970703125,,0.7291069626808167,,4.508798599243164,,,
58,,4329,,22.474777221679688,,0.7310293912887573,,4.703483581542969,,,
58,,4339,,16.987598419189453,,0.8122732639312744,,4.089911460876465,,,
58,,4349,,28.823354721069336,,0.6803275346755981,,5.324799537658691,,,
58,,4359,,21.229520797729492,,0.7723405361175537,,4.586886405944824,,,
58,,4365,,,,,,,16.884586334228516,0.8000619411468506,4.012054443359375
58,,4365,25.6888370513916,,0.7068389058113098,,4.984724998474121,,,,
,0.001,4366,,,,,,,,,
59,,4369,,23.343284606933594,,0.7400474548339844,,4.804878234863281,,,
59,,4379,,31.065515518188477,,0.6300954818725586,,5.522356986999512,,,
59,,4389,,22.061147689819336,,0.7978008985519409,,4.643372535705566,,,
59,,4399,,33.070343017578125,,0.6005991101264954,,5.69016170501709,,,
59,,4409,,24.18856430053711,,0.775894284248352,,4.884834289550781,,,
59,,4419,,20.003215789794922,,0.7559223771095276,,4.456594467163086,,,
59,,4429,,19.225921630859375,,0.7717524766921997,,4.363690376281738,,,
59,,4439,,35.56177520751953,,0.5048803091049194,,5.889795303344727,,,
59,,4439,,,,,,,16.899890899658203,0.8006964921951294,4.028358459472656
59,,4439,25.558191299438477,,0.7102150321006775,,4.959158420562744,,,,
,0.001,4440,,,,,,,,,
60,,4449,,27.38076400756836,,0.7043490409851074,,5.208135604858398,,,
60,,4459,,20.97136688232422,,0.7733660340309143,,4.539673805236816,,,
60,,4469,,21.08742332458496,,0.684311032295227,,4.562923908233643,,,
60,,4479,,20.660579681396484,,0.7776358723640442,,4.52357292175293,,,
60,,4489,,17.010395050048828,,0.7553684115409851,,4.102766990661621,,,
60,,4499,,20.73308563232422,,0.6961402893066406,,4.5250325202941895,,,
60,,4509,,24.05016326904297,,0.6328368186950684,,4.850345611572266,,,
60,,4513,,,,,,,16.035175323486328,0.8114795684814453,3.9174554347991943
60,,4513,24.169281005859375,,0.7259737849235535,,4.839807987213135,,,,
,0.001,4514,,,,,,,,,
61,,4519,,22.290565490722656,,0.7378580570220947,,4.682507514953613,,,
61,,4529,,26.82189178466797,,0.752431333065033,,5.119456768035889,,,
61,,4539,,24.2637882232666,,0.7099315524101257,,4.897252082824707,,,
61,,4549,,16.892858505249023,,0.8133389353752136,,4.085748672485352,,,
61,,4559,,23.75360107421875,,0.7502802610397339,,4.845122814178467,,,
61,,4569,,33.22124099731445,,0.6678211688995361,,5.746974945068359,,,
61,,4579,,23.247276306152344,,0.6850304007530212,,4.779903411865234,,,
61,,4587,,,,,,,16.933340072631836,0.8010202646255493,4.0220842361450195
61,,4587,24.877744674682617,,0.717410683631897,,4.899909496307373,,,,
,0.001,4588,,,,,,,,,
62,,4589,,31.654870986938477,,0.6690049171447754,,5.594048500061035,,,
62,,4599,,30.8916015625,,0.6976833939552307,,5.4962053298950195,,,
62,,4609,,19.280061721801758,,0.7766983509063721,,4.369040489196777,,,
62,,4619,,19.50214958190918,,0.7789106369018555,,4.393078804016113,,,
62,,4629,,27.055540084838867,,0.7572486400604248,,5.170838356018066,,,
62,,4639,,24.182476043701172,,0.7394838929176331,,4.8678154945373535,,,
62,,4649,,33.34852600097656,,0.527633786201477,,5.717635154724121,,,
62,,4659,,25.98638343811035,,0.7284477949142456,,5.0523481369018555,,,
62,,4661,,,,,,,15.988576889038086,0.8109714388847351,3.9167747497558594
62,,4661,24.596994400024414,,0.7214094996452332,,4.875819206237793,,,,
,0.001,4662,,,,,,,,,
63,,4669,,26.194351196289062,,0.724581241607666,,5.056785583496094,,,
63,,4679,,40.454261779785156,,0.4792723059654236,,6.2858381271362305,,,
63,,4689,,18.213102340698242,,0.8185417652130127,,4.235522270202637,,,
63,,4699,,34.74385452270508,,0.623116672039032,,5.853543758392334,,,
63,,4709,,20.60638999938965,,0.7904909253120422,,4.494449615478516,,,
63,,4719,,20.46585464477539,,0.7825360894203186,,4.4993577003479,,,
63,,4729,,27.286155700683594,,0.6439809799194336,,5.172431945800781,,,
63,,4735,,,,,,,15.725531578063965,0.8159600496292114,3.864156723022461
63,,4735,23.29555892944336,,0.7339289784431458,,4.743197441101074,,,,
,0.001,4736,,,,,,,,,
64,,4739,,41.932159423828125,,0.5890432000160217,,6.381374835968018,,,
64,,4749,,18.76409149169922,,0.8215852975845337,,4.2727837562561035,,,
64,,4759,,26.986835479736328,,0.6060421466827393,,5.159581661224365,,,
64,,4769,,22.889123916625977,,0.6558523178100586,,4.7397003173828125,,,
64,,4779,,19.589557647705078,,0.7742213010787964,,4.3918867111206055,,,
64,,4789,,20.64208221435547,,0.7945369482040405,,4.4858198165893555,,,
64,,4799,,20.618457794189453,,0.7887915372848511,,4.525213718414307,,,
64,,4809,,22.533296585083008,,0.5849953293800354,,4.697889804840088,,,
64,,4809,,,,,,,15.691826820373535,0.8148573637008667,3.8736705780029297
64,,4809,23.104154586791992,,0.7385047674179077,,4.723446846008301,,,,
,0.001,4810,,,,,,,,,
65,,4819,,14.683900833129883,,0.8245118260383606,,3.819187641143799,,,
65,,4829,,40.46696853637695,,0.38679713010787964,,6.294127464294434,,,
65,,4839,,22.439109802246094,,0.6844094395637512,,4.682133674621582,,,
65,,4849,,37.798797607421875,,0.4990222752094269,,6.107570648193359,,,
65,,4859,,33.7628173828125,,0.5760923624038696,,5.743828773498535,,,
65,,4869,,15.58397102355957,,0.817619264125824,,3.9175074100494385,,,
65,,4879,,24.03378677368164,,0.6780275106430054,,4.878779888153076,,,
65,,4883,,,,,,,16.700342178344727,0.803799033164978,3.987971544265747
65,,4883,24.87236785888672,,0.713165283203125,,4.891833782196045,,,,
,0.001,4884,,,,,,,,,
66,,4889,,19.040904998779297,,0.8321747779846191,,4.337563514709473,,,
66,,4899,,40.881465911865234,,0.5135924816131592,,6.366855621337891,,,
66,,4909,,16.56024169921875,,0.7600083351135254,,4.030498027801514,,,
66,,4919,,19.041393280029297,,0.8200143575668335,,4.338401794433594,,,
66,,4929,,27.349205017089844,,0.7143991589546204,,5.199845314025879,,,
66,,4939,,21.84889030456543,,0.7744516134262085,,4.650969505310059,,,
66,,4949,,21.58500099182129,,0.8065762519836426,,4.545773506164551,,,
66,,4957,,,,,,,15.943643569946289,0.8120232224464417,3.897142171859741
66,,4957,24.076133728027344,,0.7247467637062073,,4.825785160064697,,,,
,0.001,4958,,,,,,,,,
67,,4959,,36.01128005981445,,0.6674583554267883,,5.955375671386719,,,
67,,4969,,25.852725982666016,,0.6785635948181152,,5.044133186340332,,,
67,,4979,,18.549266815185547,,0.7984714508056641,,4.263324737548828,,,
67,,4989,,16.07328224182129,,0.8320074081420898,,3.9950666427612305,,,
67,,4999,,14.079507827758789,,0.8487845063209534,,3.7111854553222656,,,
67,,5009,,20.263978958129883,,0.7168170213699341,,4.475417613983154,,,
67,,5019,,27.18437385559082,,0.7550628185272217,,5.159659385681152,,,
67,,5029,,23.167068481445312,,0.720650315284729,,4.771121025085449,,,
67,,5031,,,,,,,15.157605171203613,0.8203506469726562,3.8164050579071045
67,,5031,24.422475814819336,,0.7202979922294617,,4.849873065948486,,,,
,0.001,5032,,,,,,,,,
68,,5039,,14.703690528869629,,0.8235406875610352,,3.806814193725586,,,
68,,5049,,25.799707412719727,,0.7084986567497253,,5.028628349304199,,,
68,,5059,,14.605049133300781,,0.8353142738342285,,3.7858188152313232,,,
68,,5069,,28.628238677978516,,0.7223351001739502,,5.301935195922852,,,
68,,5079,,27.30762481689453,,0.7217544913291931,,5.176536560058594,,,
68,,5089,,23.96337127685547,,0.6570199728012085,,4.867250442504883,,,
68,,5099,,20.48959732055664,,0.7848706245422363,,4.515192985534668,,,
68,,5105,,,,,,,17.553150177001953,0.7933964729309082,4.108780860900879
68,,5105,22.24942970275879,,0.7476286292076111,,4.637223243713379,,,,
,0.001,5106,,,,,,,,,
69,,5109,,43.99423599243164,,0.6307729482650757,,6.542396068572998,,,
69,,5119,,19.931535720825195,,0.8106909394264221,,4.440533638000488,,,
69,,5129,,21.826404571533203,,0.7154332995414734,,4.633028030395508,,,
69,,5139,,23.672285079956055,,0.7406652569770813,,4.85877799987793,,,
69,,5149,,51.94721984863281,,0.40355467796325684,,7.1311116218566895,,,
69,,5159,,17.62641143798828,,0.7768837213516235,,4.174025535583496,,,
69,,5169,,19.44455337524414,,0.7859846353530884,,4.35806131362915,,,
69,,5179,,29.16574478149414,,0.631493866443634,,5.327653884887695,,,
69,,5179,,,,,,,15.658756256103516,0.8133626580238342,3.858304977416992
69,,5179,24.405305862426758,,0.7238096594810486,,4.836977005004883,,,,
,0.001,5180,,,,,,,,,
70,,5189,,21.585962295532227,,0.7572330236434937,,4.610447883605957,,,
70,,5199,,17.410045623779297,,0.8354604244232178,,4.159207344055176,,,
70,,5209,,20.99150848388672,,0.7771102786064148,,4.556197166442871,,,
70,,5219,,21.85458755493164,,0.6818130016326904,,4.637844562530518,,,
70,,5229,,17.390995025634766,,0.7277524471282959,,4.136285781860352,,,
70,,5239,,45.46123123168945,,0.377370148897171,,6.661032676696777,,,
70,,5249,,35.1727180480957,,0.653468906879425,,5.905501365661621,,,
70,,5253,,,,,,,14.054285049438477,0.8346327543258667,3.6641526222229004
70,,5253,22.74440574645996,,0.7394835352897644,,4.668791770935059,,,,
,0.001,5254,,,,,,,,,
71,,5259,,14.515342712402344,,0.8475614190101624,,3.77056884765625,,,
71,,5269,,28.392614364624023,,0.682259202003479,,5.2636919021606445,,,
71,,5279,,20.173398971557617,,0.753429114818573,,4.475284576416016,,,
71,,5289,,22.701568603515625,,0.7289733290672302,,4.680084705352783,,,
71,,5299,,26.75349998474121,,0.7190501689910889,,5.153581619262695,,,
71,,5309,,12.55085563659668,,0.8305413722991943,,3.52276611328125,,,
71,,5319,,23.12104034423828,,0.8022353649139404,,4.752921104431152,,,
71,,5327,,,,,,,14.714629173278809,0.8261814713478088,3.747157096862793
71,,5327,22.485883712768555,,0.7443286180496216,,4.667180061340332,,,,
,0.001,5328,,,,,,,,,
72,,5329,,33.224857330322266,,0.6953113079071045,,5.683842658996582,,,
72,,5339,,24.859434127807617,,0.7428535223007202,,4.942722320556641,,,
72,,5349,,19.246610641479492,,0.7726391553878784,,4.341957092285156,,,
72,,5359,,22.258800506591797,,0.7137709856033325,,4.707878112792969,,,
72,,5369,,23.227230072021484,,0.7223020792007446,,4.785600662231445,,,
72,,5379,,21.952056884765625,,0.7908113598823547,,4.605898380279541,,,
72,,5389,,19.654071807861328,,0.8053373098373413,,4.407663822174072,,,
72,,5399,,25.36931610107422,,0.7095609903335571,,5.0093464851379395,,,
72,,5401,,,,,,,15.489310264587402,0.8168050646781921,3.855867624282837
72,,5401,23.00368309020996,,0.7385491132736206,,4.714019298553467,,,,
,0.001,5402,,,,,,,,,
73,,5409,,28.59348487854004,,0.6958476901054382,,5.306780815124512,,,
73,,5419,,36.92646026611328,,0.5698912143707275,,5.977535247802734,,,
73,,5429,,25.57984161376953,,0.7414411306381226,,5.032928943634033,,,
73,,5439,,16.129669189453125,,0.8407285809516907,,3.9746909141540527,,,
73,,5449,,20.71283721923828,,0.7523990869522095,,4.518581867218018,,,
73,,5459,,35.399513244628906,,0.6509593725204468,,5.902647972106934,,,
73,,5469,,19.07021141052246,,0.788521409034729,,4.335975646972656,,,
73,,5475,,,,,,,14.997053146362305,0.8216531276702881,3.8007750511169434
73,,5475,22.315105438232422,,0.7478356957435608,,4.632920742034912,,,,
,0.001,5476,,,,,,,,,
74,,5479,,25.699506759643555,,0.6655668616294861,,5.046606063842773,,,
74,,5489,,18.823163986206055,,0.8130297064781189,,4.28740119934082,,,
74,,5499,,28.826141357421875,,0.6822283267974854,,5.3378424644470215,,,
74,,5509,,21.080305099487305,,0.7558503150939941,,4.523765563964844,,,
74,,5519,,14.159936904907227,,0.8463022708892822,,3.7448601722717285,,,
74,,5529,,26.325767517089844,,0.7350828647613525,,5.0791168212890625,,,
74,,5539,,29.223129272460938,,0.753993570804596,,5.342073917388916,,,
74,,5549,,16.754804611206055,,0.7290090322494507,,4.070394039154053,,,
74,,5549,,,,,,,14.626519203186035,0.8267375826835632,3.7279322147369385
74,,5549,21.73291015625,,0.7530093789100647,,4.583897590637207,,,,
,0.001,5550,,,,,,,,,
75,,5559,,23.757644653320312,,0.6363925933837891,,4.832429885864258,,,
75,,5569,,18.6331787109375,,0.7903177738189697,,4.25258731842041,,,
75,,5579,,16.804367065429688,,0.8011595010757446,,4.067706108093262,,,
75,,5589,,17.677867889404297,,0.8068716526031494,,4.159555435180664,,,
75,,5599,,20.65909194946289,,0.8058575391769409,,4.4723968505859375,,,
75,,5609,,23.182313919067383,,0.7866004705429077,,4.767790794372559,,,
75,,5619,,24.628767013549805,,0.7737444639205933,,4.930920600891113,,,
75,,5623,,,,,,,14.790359497070312,0.8239472508430481,3.7526233196258545
75,,5623,21.707447052001953,,0.7500127553939819,,4.587442874908447,,,,
,0.001,5624,,,,,,,,,
76,,5629,,26.506458282470703,,0.7364257574081421,,5.096655368804932,,,
76,,5639,,20.563854217529297,,0.7955940961837769,,4.464262962341309,,,
76,,5649,,19.519411087036133,,0.7353962659835815,,4.356489181518555,,,
76,,5659,,18.127946853637695,,0.7990244626998901,,4.221438884735107,,,
76,,5669,,35.41367721557617,,0.5049647688865662,,5.880777359008789,,,
76,,5679,,18.28856086730957,,0.7897591590881348,,4.213600158691406,,,
76,,5689,,18.899837493896484,,0.73785400390625,,4.340190410614014,,,
76,,5697,,,,,,,15.210357666015625,0.820903480052948,3.817748546600342
76,,5697,22.7548885345459,,0.7390398979187012,,4.677325248718262,,,,
,0.001,5698,,,,,,,,,
77,,5699,,25.12795639038086,,0.6340831518173218,,4.9726762771606445,,,
77,,5709,,28.518394470214844,,0.7167123556137085,,5.290470600128174,,,
77,,5719,,28.81580352783203,,0.7304564714431763,,5.310736656188965,,,
77,,5729,,39.56707763671875,,0.24507099390029907,,6.201953411102295,,,
77,,5739,,31.56561279296875,,0.5817333459854126,,5.549016952514648,,,
77,,5749,,14.829373359680176,,0.8473907709121704,,3.8251867294311523,,,
77,,5759,,22.122467041015625,,0.7909026145935059,,4.610602855682373,,,
77,,5769,,16.534582138061523,,0.8041924238204956,,4.0316243171691895,,,
77,,5771,,,,,,,15.795543670654297,0.814536452293396,3.878847122192383
77,,5771,23.01778793334961,,0.737041175365448,,4.707494258880615,,,,
,0.001,5772,,,,,,,,,
78,,5779,,19.17251968383789,,0.8134524822235107,,4.3620100021362305,,,
78,,5789,,32.56708908081055,,0.603260338306427,,5.654485702514648,,,
78,,5799,,24.95762825012207,,0.7255253791809082,,4.965670108795166,,,
78,,5809,,28.129287719726562,,0.7297815084457397,,5.252396583557129,,,
78,,5819,,30.12179946899414,,0.677341103553772,,5.4273881912231445,,,
78,,5829,,16.575098037719727,,0.7540912628173828,,4.05152702331543,,,
78,,5839,,25.217098236083984,,0.7265902161598206,,4.973186016082764,,,
78,,5845,,,,,,,15.095192909240723,0.8207564949989319,3.814779281616211
78,,5845,22.53269386291504,,0.744489848613739,,4.658320426940918,,,,
,0.001,5846,,,,,,,,,
79,,5849,,23.00472640991211,,0.7437001466751099,,4.752358436584473,,,
79,,5859,,34.02159881591797,,0.6891348361968994,,5.749390125274658,,,
79,,5869,,14.656576156616211,,0.8361706733703613,,3.7940094470977783,,,
79,,5879,,21.12393569946289,,0.7484558820724487,,4.568003177642822,,,
79,,5889,,29.757776260375977,,0.6760855317115784,,5.437427043914795,,,
79,,5899,,17.408174514770508,,0.8072717189788818,,4.142031192779541,,,
79,,5909,,18.82201385498047,,0.8007665872573853,,4.314362525939941,,,
79,,5919,,13.840059280395508,,0.8722977638244629,,3.6995561122894287,,,
79,,5919,,,,,,,15.501317977905273,0.8184674382209778,3.847182035446167
79,,5919,22.201940536499023,,0.7450392246246338,,4.629903793334961,,,,
,0.001,5920,,,,,,,,,
80,,5929,,16.67683982849121,,0.7703465223312378,,4.026126861572266,,,
80,,5939,,13.771835327148438,,0.8382300734519958,,3.675208806991577,,,
80,,5949,,15.101107597351074,,0.785897433757782,,3.8613171577453613,,,
80,,5959,,35.748905181884766,,0.5539740920066833,,5.9469218254089355,,,
80,,5969,,16.272323608398438,,0.8206402063369751,,3.9806675910949707,,,
80,,5979,,24.258899688720703,,0.7571563720703125,,4.877757549285889,,,
80,,5989,,33.36201477050781,,0.6588590145111084,,5.712386131286621,,,
80,,5993,,,,,,,14.29551887512207,0.8310843706130981,3.68961238861084
80,,5993,23.427650451660156,,0.7327878475189209,,4.756433963775635,,,,
,0.001,5994,,,,,,,,,
81,,5999,,29.334800720214844,,0.5311316251754761,,5.355262279510498,,,
81,,6009,,26.90597915649414,,0.6848095655441284,,5.155848026275635,,,
81,,6019,,22.4454288482666,,0.700148344039917,,4.708876132965088,,,
81,,6029,,13.259973526000977,,0.8668009638786316,,3.6148295402526855,,,
81,,6039,,24.272817611694336,,0.7358176112174988,,4.877293586730957,,,
81,,6049,,14.539375305175781,,0.843166172504425,,3.777909278869629,,,
81,,6059,,41.193077087402344,,0.5575300455093384,,6.385690212249756,,,
81,,6067,,,,,,,14.925054550170898,0.8243333697319031,3.780393600463867
81,,6067,22.300268173217773,,0.7458273768424988,,4.634467601776123,,,,
,0.001,6068,,,,,,,,,
82,,6069,,16.49966049194336,,0.8090807199478149,,4.011059761047363,,,
82,,6079,,21.16597557067871,,0.7411963939666748,,4.547069072723389,,,
82,,6089,,16.243417739868164,,0.7873892784118652,,3.9901247024536133,,,
82,,6099,,29.506635665893555,,0.6097841262817383,,5.406257629394531,,,
82,,6109,,19.160511016845703,,0.7672519683837891,,4.360988616943359,,,
82,,6119,,21.64258575439453,,0.7436947226524353,,4.632368564605713,,,
82,,6129,,19.396638870239258,,0.8087989687919617,,4.358395576477051,,,
82,,6139,,40.576297760009766,,0.542647659778595,,6.288455009460449,,,
82,,6141,,,,,,,14.62551498413086,0.8283731937408447,3.7465696334838867
82,,6141,21.465246200561523,,0.7562664747238159,,4.550215721130371,,,,
,0.001,6142,,,,,,,,,
83,,6149,,17.630815505981445,,0.7891284823417664,,4.165689468383789,,,
83,,6159,,20.468517303466797,,0.7828586101531982,,4.463088035583496,,,
83,,6169,,17.086101531982422,,0.8516150712966919,,4.067049026489258,,,
83,,6179,,17.696502685546875,,0.8171372413635254,,4.184418201446533,,,
83,,6189,,10.481603622436523,,0.8845521211624146,,3.1876628398895264,,,
83,,6199,,17.049415588378906,,0.7988786697387695,,4.11854362487793,,,
83,,6209,,24.171831130981445,,0.7428594827651978,,4.865103721618652,,,
83,,6215,,,,,,,12.963568687438965,0.8473851084709167,3.5206542015075684
83,,6215,20.189712524414062,,0.7693818211555481,,4.413263320922852,,,,
,0.001,6216,,,,,,,,,
84,,6219,,38.39982223510742,,0.5990782976150513,,6.130031585693359,,,
84,,6229,,26.49388313293457,,0.6924952268600464,,5.123354911804199,,,
84,,6239,,19.541872024536133,,0.7785879373550415,,4.413546085357666,,,
84,,6249,,26.1065616607666,,0.7539423704147339,,5.029537200927734,,,
84,,6259,,26.12460708618164,,0.7216441631317139,,5.08284330368042,,,
84,,6269,,19.668701171875,,0.7541524171829224,,4.37088680267334,,,
84,,6279,,17.139541625976562,,0.8505048751831055,,4.121428489685059,,,
84,,6289,,39.308380126953125,,0.39217668771743774,,6.192546844482422,,,
84,,6289,,,,,,,13.26402473449707,0.8435842990875244,3.5575485229492188
84,,6289,21.722108840942383,,0.7509757876396179,,4.570281028747559,,,,
,0.001,6290,,,,,,,,,
85,,6299,,20.894990921020508,,0.7700256705284119,,4.5394673347473145,,,
85,,6309,,17.324356079101562,,0.7248550653457642,,4.119592189788818,,,
85,,6319,,14.718502044677734,,0.8600496649742126,,3.8012378215789795,,,
85,,6329,,31.538352966308594,,0.6178460121154785,,5.576798439025879,,,
85,,6339,,32.18622589111328,,0.6195460557937622,,5.631522178649902,,,
85,,6349,,17.831850051879883,,0.7789908051490784,,4.211775779724121,,,
85,,6359,,29.57296371459961,,0.7101101279258728,,5.376886367797852,,,
85,,6363,,,,,,,13.945708274841309,0.8367915749549866,3.6456801891326904
85,,6363,21.198463439941406,,0.756076991558075,,4.52023458480835,,,,
,0.001,6364,,,,,,,,,
86,,6369,,19.34332847595215,,0.6752051115036011,,4.373001575469971,,,
86,,6379,,32.58687973022461,,0.6890082359313965,,5.656121253967285,,,
86,,6389,,15.131087303161621,,0.8290448784828186,,3.8700506687164307,,,
86,,6399,,20.684593200683594,,0.748215913772583,,4.529307842254639,,,
86,,6409,,9.264264106750488,,0.8979096412658691,,3.031832695007324,,,
86,,6419,,18.456703186035156,,0.7101063132286072,,4.274387359619141,,,
86,,6429,,15.223499298095703,,0.8499395847320557,,3.8968682289123535,,,
86,,6437,,,,,,,13.961193084716797,0.8355040550231934,3.6437649726867676
86,,6437,21.338666915893555,,0.754435122013092,,4.54397439956665,,,,
,0.001,6438,,,,,,,,,
87,,6439,,17.160934448242188,,0.8229442238807678,,4.095008373260498,,,
87,,6449,,15.783020973205566,,0.7786923050880432,,3.9662704467773438,,,
87,,6459,,22.06714630126953,,0.7326351404190063,,4.666379928588867,,,
87,,6469,,32.72053146362305,,0.6532340049743652,,5.690708160400391,,,
87,,6479,,29.019439697265625,,0.6308717727661133,,5.346624374389648,,,
87,,6489,,31.68305206298828,,0.6425256133079529,,5.544375419616699,,,
87,,6499,,23.820871353149414,,0.7610571384429932,,4.853397369384766,,,
87,,6509,,23.120906829833984,,0.7101066708564758,,4.736795425415039,,,
87,,6511,,,,,,,13.866113662719727,0.8374309539794922,3.6435251235961914
87,,6511,21.429765701293945,,0.7541109919548035,,4.525437355041504,,,,
,0.001,6512,,,,,,,,,
88,,6519,,17.314414978027344,,0.8123763799667358,,4.088103294372559,,,
88,,6529,,15.885744094848633,,0.8052887320518494,,3.9698853492736816,,,
88,,6539,,15.931253433227539,,0.8181041479110718,,3.961452007293701,,,
88,,6549,,15.645038604736328,,0.857038140296936,,3.9153668880462646,,,
88,,6559,,19.72553062438965,,0.7706122398376465,,4.423928260803223,,,
88,,6569,,20.61599349975586,,0.7266398668289185,,4.492525100708008,,,
88,,6579,,14.12938117980957,,0.8560452461242676,,3.679417133331299,,,
88,,6585,,,,,,,12.506184577941895,0.852192759513855,3.4472293853759766
88,,6585,20.51327896118164,,0.7649574279785156,,4.462067127227783,,,,
,0.001,6586,,,,,,,,,
89,,6589,,21.97236442565918,,0.7696280479431152,,4.673167705535889,,,
89,,6599,,25.471446990966797,,0.6977789402008057,,5.003730773925781,,,
89,,6609,,17.675952911376953,,0.8096814155578613,,4.1741943359375,,,
89,,6619,,25.275497436523438,,0.6666133403778076,,4.989193916320801,,,
89,,6629,,24.219179153442383,,0.7392628192901611,,4.878607749938965,,,
89,,6639,,27.585922241210938,,0.7229703068733215,,5.20752477645874,,,
89,,6649,,16.699588775634766,,0.837262749671936,,4.006984233856201,,,
89,,6659,,19.88311767578125,,0.7813170552253723,,4.452491760253906,,,
89,,6659,,,,,,,14.299530982971191,0.8307629823684692,3.712585926055908
89,,6659,21.11702537536621,,0.7552465200424194,,4.518606185913086,,,,
,0.001,6660,,,,,,,,,
90,,6669,,21.063467025756836,,0.8239970803260803,,4.554388046264648,,,
90,,6679,,21.61542320251465,,0.791577935218811,,4.592526435852051,,,
90,,6689,,14.211051940917969,,0.8194272518157959,,3.72895884513855,,,
90,,6699,,15.586594581604004,,0.813774824142456,,3.889385461807251,,,
90,,6709,,20.109085083007812,,0.74614417552948,,4.428850173950195,,,
90,,6719,,15.906562805175781,,0.8188393115997314,,3.95143985748291,,,
90,,6729,,18.07398223876953,,0.838315486907959,,4.19982385635376,,,
90,,6733,,,,,,,13.455697059631348,0.8416069746017456,3.5861058235168457
90,,6733,20.88102149963379,,0.761996865272522,,4.476552963256836,,,,
,0.001,6734,,,,,,,,,
91,,6739,,15.626554489135742,,0.8476747870445251,,3.9095232486724854,,,
91,,6749,,14.900102615356445,,0.8106307983398438,,3.8547720909118652,,,
91,,6759,,26.60140609741211,,0.7208298444747925,,5.143342018127441,,,
91,,6769,,19.58331298828125,,0.7744894027709961,,4.402270793914795,,,
91,,6779,,17.353052139282227,,0.8472378253936768,,4.140430927276611,,,
91,,6789,,16.70120620727539,,0.8269000053405762,,4.029721736907959,,,
91,,6799,,29.315073013305664,,0.6792941689491272,,5.3807878494262695,,,
91,,6807,,,,,,,13.958391189575195,0.8356966376304626,3.649458169937134
91,,6807,20.417510986328125,,0.7683331966400146,,4.444404125213623,,,,
,0.001,6808,,,,,,,,,
92,,6809,,16.995256423950195,,0.817617654800415,,4.095467567443848,,,
92,,6819,,28.849483489990234,,0.7338756918907166,,5.332975387573242,,,
92,,6829,,36.17718505859375,,0.5817147493362427,,5.925425052642822,,,
92,,6839,,19.336950302124023,,0.8097661733627319,,4.364153861999512,,,
92,,6849,,14.186562538146973,,0.8183642625808716,,3.7295751571655273,,,
92,,6859,,26.42193031311035,,0.6875439286231995,,5.082126140594482,,,
92,,6869,,24.547422409057617,,0.7261446714401245,,4.921390056610107,,,
92,,6879,,23.50700569152832,,0.7677870988845825,,4.830260276794434,,,
92,,6881,,,,,,,13.143454551696777,0.8460313677787781,3.5285069942474365
92,,6881,21.760629653930664,,0.7461907267570496,,4.568975448608398,,,,
,0.001,6882,,,,,,,,,
93,,6889,,11.695245742797852,,0.8524022698402405,,3.3736982345581055,,,
93,,6899,,11.84832763671875,,0.8563088178634644,,3.4080681800842285,,,
93,,6909,,36.296878814697266,,0.4833655059337616,,5.921408653259277,,,
93,,6919,,20.245620727539062,,0.7439205646514893,,4.469128131866455,,,
93,,6929,,16.733793258666992,,0.8367319107055664,,4.042425155639648,,,
93,,6939,,17.729379653930664,,0.8291043639183044,,4.170090675354004,,,
93,,6949,,24.280550003051758,,0.6840261220932007,,4.89459228515625,,,
93,,6955,,,,,,,14.662145614624023,0.8299037218093872,3.724783420562744
93,,6955,22.137407302856445,,0.7437297701835632,,4.622937202453613,,,,
,0.001,6956,,,,,,,,,
94,,6959,,20.68281364440918,,0.7732101678848267,,4.532357692718506,,,
94,,6969,,21.98136329650879,,0.7328847646713257,,4.631796360015869,,,
94,,6979,,16.864784240722656,,0.8361207246780396,,4.026313781738281,,,
94,,6989,,18.413898468017578,,0.7835710048675537,,4.271995544433594,,,
94,,6999,,16.56611442565918,,0.8418310880661011,,4.057461738586426,,,
94,,7009,,28.96858787536621,,0.7342146635055542,,5.348276138305664,,,
94,,7019,,21.79755973815918,,0.7314130663871765,,4.644160270690918,,,
94,,7029,,25.754560470581055,,0.726201057434082,,5.000643730163574,,,
94,,7029,,,,,,,12.945167541503906,0.8475872278213501,3.5313870906829834
94,,7029,20.049911499023438,,0.7719122171401978,,4.396770000457764,,,,
,0.001,7030,,,,,,,,,
95,,7039,,18.280433654785156,,0.7848886847496033,,4.270153999328613,,,
95,,7049,,13.440202713012695,,0.7904534935951233,,3.63169527053833,,,
95,,7059,,21.492652893066406,,0.7437658905982971,,4.552669525146484,,,
95,,7069,,16.00654411315918,,0.8022094964981079,,3.9784419536590576,,,
95,,7079,,27.08050537109375,,0.6348763108253479,,5.129783630371094,,,
95,,7089,,23.013948440551758,,0.7743412852287292,,4.761076927185059,,,
95,,7099,,20.220726013183594,,0.7264186143875122,,4.476161003112793,,,
95,,7103,,,,,,,12.616795539855957,0.8515192866325378,3.481024742126465
95,,7103,20.207645416259766,,0.7679508924484253,,4.4189934730529785,,,,
,0.001,7104,,,,,,,,,
96,,7109,,20.11098289489746,,0.6981262564659119,,4.4487152099609375,,,
96,,7119,,21.508193969726562,,0.7659894824028015,,4.581635475158691,,,
96,,7129,,23.018840789794922,,0.7750731706619263,,4.693726539611816,,,
96,,7139,,12.9242525100708,,0.8580303192138672,,3.5741872787475586,,,
96,,7149,,14.429908752441406,,0.8244433403015137,,3.771223545074463,,,
96,,7159,,20.892433166503906,,0.7600077986717224,,4.510929107666016,,,
96,,7169,,18.253671646118164,,0.8162984848022461,,4.239356994628906,,,
96,,7177,,,,,,,12.95026683807373,0.8490542769432068,3.5209004878997803
96,,7177,20.698820114135742,,0.7659158110618591,,4.463473796844482,,,,
,0.001,7178,,,,,,,,,
97,,7179,,18.254642486572266,,0.7906333208084106,,4.245582103729248,,,
97,,7189,,17.015995025634766,,0.7981292605400085,,4.064192771911621,,,
97,,7199,,15.577404022216797,,0.795418381690979,,3.9178709983825684,,,
97,,7209,,21.17762565612793,,0.7349499464035034,,4.590698719024658,,,
97,,7219,,20.245166778564453,,0.7427322864532471,,4.482326507568359,,,
97,,7229,,28.5565185546875,,0.6846477389335632,,5.300878047943115,,,
97,,7239,,35.058265686035156,,0.6862119436264038,,5.856405258178711,,,
97,,7249,,26.362964630126953,,0.7452616095542908,,5.091703414916992,,,
97,,7251,,,,,,,13.98105525970459,0.8353105783462524,3.6482646465301514
97,,7251,22.266407012939453,,0.7462642192840576,,4.6202874183654785,,,,
,0.001,7252,,,,,,,,,
98,,7259,,23.767648696899414,,0.7241662740707397,,4.85373592376709,,,
98,,7269,,19.83015251159668,,0.8105987906455994,,4.427165508270264,,,
98,,7279,,27.772401809692383,,0.6563661098480225,,5.228409290313721,,,
98,,7289,,20.032350540161133,,0.7791656255722046,,4.437365531921387,,,
98,,7299,,16.79941177368164,,0.7289233207702637,,4.084660053253174,,,
98,,7309,,30.67848014831543,,0.6549510955810547,,5.513375282287598,,,
98,,7319,,22.70972442626953,,0.7458896636962891,,4.709161758422852,,,
98,,7325,,,,,,,13.363296508789062,0.8437883257865906,3.5541577339172363
98,,7325,20.651933670043945,,0.7654082775115967,,4.451394081115723,,,,
,0.001,7326,,,,,,,,,
99,,7329,,18.78974723815918,,0.7785055637359619,,4.314697265625,,,
99,,7339,,21.113353729248047,,0.7391691207885742,,4.534580707550049,,,
99,,7349,,17.52190589904785,,0.8274309635162354,,4.152563095092773,,,
99,,7359,,18.423274993896484,,0.7720298767089844,,4.252687454223633,,,
99,,7369,,11.953619003295898,,0.8161935806274414,,3.4323601722717285,,,
99,,7379,,27.467758178710938,,0.6599525213241577,,5.217362403869629,,,
99,,7389,,16.72382926940918,,0.796942949295044,,4.027108669281006,,,
99,,7399,,14.14852237701416,,0.8595932126045227,,3.6698544025421143,,,
99,,7399,,,,,,,12.438666343688965,0.8529151678085327,3.4553942680358887
99,,7399,19.495580673217773,,0.7785776853561401,,4.340627670288086,,,,
,0.001,7400,,,,,,,,,
100,,7409,,20.244873046875,,0.7797189950942993,,4.460598945617676,,,
100,,7419,,18.06747055053711,,0.8469521999359131,,4.21385383605957,,,
100,,7429,,13.606693267822266,,0.8523240685462952,,3.6586270332336426,,,
100,,7439,,17.45223617553711,,0.7926660180091858,,4.131999969482422,,,
100,,7449,,23.518447875976562,,0.7364537715911865,,4.826831817626953,,,
100,,7459,,17.618900299072266,,0.798287034034729,,4.1526641845703125,,,
100,,7469,,16.58584213256836,,0.8128515481948853,,4.040223598480225,,,
100,,7473,,,,,,,13.728523254394531,0.8402146100997925,3.6110122203826904
100,,7473,19.751802444458008,,0.7750133275985718,,4.3674163818359375,,,,
,0.001,7474,,,,,,,,,
101,,7479,,15.244254112243652,,0.8641191124916077,,3.8622498512268066,,,
101,,7489,,17.695819854736328,,0.7960528135299683,,4.179576873779297,,,
101,,7499,,20.879892349243164,,0.7878381609916687,,4.538724422454834,,,
101,,7509,,27.946063995361328,,0.6893434524536133,,5.262882709503174,,,
101,,7519,,15.680349349975586,,0.8386950492858887,,3.9459187984466553,,,
101,,7529,,35.16340255737305,,0.6635680794715881,,5.895468235015869,,,
101,,7539,,24.939746856689453,,0.7229032516479492,,4.955211162567139,,,
101,,7547,,,,,,,13.061789512634277,0.8470038175582886,3.5382957458496094
101,,7547,20.79707145690918,,0.7615454792976379,,4.4866790771484375,,,,
,0.001,7548,,,,,,,,,
102,,7549,,19.29263687133789,,0.8154363632202148,,4.377589225769043,,,
102,,7559,,15.814597129821777,,0.8051047325134277,,3.94022274017334,,,
102,,7569,,19.010433197021484,,0.7912399768829346,,4.344173908233643,,,
102,,7579,,28.76122283935547,,0.7397841811180115,,5.297276973724365,,,
102,,7589,,14.52801513671875,,0.8079923391342163,,3.7714028358459473,,,
102,,7599,,15.27415657043457,,0.8531050682067871,,3.8879871368408203,,,
102,,7609,,16.316059112548828,,0.8265353441238403,,3.978703498840332,,,
102,,7619,,14.944173812866211,,0.8530852794647217,,3.8053696155548096,,,
102,,7621,,,,,,,12.369919776916504,0.8554936647415161,3.4324862957000732
102,,7621,19.779096603393555,,0.7701153755187988,,4.365589141845703,,,,
,0.001,7622,,,,,,,,,
103,,7629,,18.663240432739258,,0.7389079332351685,,4.306142807006836,,,
103,,7639,,14.008468627929688,,0.8340442776679993,,3.722905158996582,,,
103,,7649,,39.11628723144531,,0.5991655588150024,,6.18768310546875,,,
103,,7659,,13.807048797607422,,0.818158745765686,,3.66357684135437,,,
103,,7669,,13.492536544799805,,0.8068500757217407,,3.607584238052368,,,
103,,7679,,21.074230194091797,,0.8040089011192322,,4.558897018432617,,,
103,,7689,,24.0222110748291,,0.6950449347496033,,4.849407196044922,,,
103,,7695,,,,,,,12.885505676269531,0.8486959934234619,3.5266501903533936
103,,7695,20.267078399658203,,0.7698272466659546,,4.420117378234863,,,,
,0.001,7696,,,,,,,,,
104,,7699,,14.902748107910156,,0.8500921726226807,,3.8264760971069336,,,
104,,7709,,17.106857299804688,,0.8105411529541016,,4.069832801818848,,,
104,,7719,,25.792909622192383,,0.7303928136825562,,5.0533127784729,,,
104,,7729,,15.771793365478516,,0.8427155017852783,,3.9583969116210938,,,
104,,7739,,26.507896423339844,,0.6964557766914368,,5.075334548950195,,,
104,,7749,,26.20097541809082,,0.738648533821106,,5.0871195793151855,,,
104,,7759,,34.06107711791992,,0.6413748264312744,,5.774761199951172,,,
104,,7769,,15.522820472717285,,0.8474020957946777,,3.931123733520508,,,
104,,7769,,,,,,,11.127816200256348,0.8696061372756958,3.257051706314087
104,,7769,19.789188385009766,,0.7718283534049988,,4.370811462402344,,,,
,0.001,7770,,,,,,,,,
105,,7779,,17.05121421813965,,0.8532319068908691,,4.048924922943115,,,
105,,7789,,24.74551773071289,,0.734449565410614,,4.915388584136963,,,
105,,7799,,18.658828735351562,,0.7836816310882568,,4.297290802001953,,,
105,,7809,,14.21714973449707,,0.8425620794296265,,3.756333351135254,,,
105,,7819,,24.82258415222168,,0.6926010251045227,,4.936003684997559,,,
105,,7829,,16.708110809326172,,0.8088347911834717,,4.055883884429932,,,
105,,7839,,13.729291915893555,,0.8288388848304749,,3.6783814430236816,,,
105,,7843,,,,,,,11.713114738464355,0.8620556592941284,3.341787099838257
105,,7843,18.883459091186523,,0.7817206978797913,,4.273637771606445,,,,
,0.001,7844,,,,,,,,,
106,,7849,,15.52850341796875,,0.8103806972503662,,3.940589189529419,,,
106,,7859,,18.47372055053711,,0.7558162212371826,,4.284126281738281,,,
106,,7869,,19.458009719848633,,0.8320556879043579,,4.378350257873535,,,
106,,7879,,22.372333526611328,,0.720333993434906,,4.695816993713379,,,
106,,7889,,13.476743698120117,,0.8666738867759705,,3.650561809539795,,,
106,,7899,,12.777033805847168,,0.8269646167755127,,3.554877758026123,,,
106,,7909,,20.797664642333984,,0.7751951217651367,,4.543497085571289,,,
106,,7917,,,,,,,12.908356666564941,0.8483407497406006,3.516099452972412
106,,7917,19.9589900970459,,0.7684392929077148,,4.391856670379639,,,,
,0.001,7918,,,,,,,,,
107,,7919,,14.27795124053955,,0.8112106323242188,,3.753514051437378,,,
107,,7929,,27.39947509765625,,0.7202557325363159,,5.186762809753418,,,
107,,7939,,19.909103393554688,,0.77028888463974,,4.434873580932617,,,
107,,7949,,26.19565200805664,,0.7232129573822021,,5.036467552185059,,,
107,,7959,,11.665778160095215,,0.8744707107543945,,3.401381492614746,,,
107,,7969,,16.138362884521484,,0.8107099533081055,,3.998660087585449,,,
107,,7979,,23.17588996887207,,0.6903634071350098,,4.764916896820068,,,
107,,7989,,15.940386772155762,,0.8432692289352417,,3.9494900703430176,,,
107,,7991,,,,,,,12.497325897216797,0.851699948310852,3.4552247524261475
107,,7991,19.702743530273438,,0.7733301520347595,,4.361069679260254,,,,
,0.001,7992,,,,,,,,,
108,,7999,,21.72226333618164,,0.7397257089614868,,4.6222758293151855,,,
108,,8009,,25.331745147705078,,0.736251950263977,,4.968631744384766,,,
108,,8019,,21.44919204711914,,0.7388813495635986,,4.5845947265625,,,
108,,8029,,29.264625549316406,,0.6856319308280945,,5.329568862915039,,,
108,,8039,,17.225696563720703,,0.8102483153343201,,4.142872333526611,,,
108,,8049,,18.51650619506836,,0.8053346872329712,,4.280399322509766,,,
108,,8059,,14.288298606872559,,0.8523262739181519,,3.765475273132324,,,
108,,8065,,,,,,,12.721579551696777,0.8490459322929382,3.4943861961364746
108,,8065,19.102035522460938,,0.7820149064064026,,4.285794734954834,,,,
,0.001,8066,,,,,,,,,
109,,8069,,19.709070205688477,,0.7666432857513428,,4.4160661697387695,,,
109,,8079,,21.625028610229492,,0.7541482448577881,,4.6148786544799805,,,
109,,8089,,22.659208297729492,,0.7056028246879578,,4.753894805908203,,,
109,,8099,,25.302350997924805,,0.5478612184524536,,4.96391487121582,,,
109,,8109,,15.31628704071045,,0.7903656959533691,,3.8933558464050293,,,
109,,8119,,17.796422958374023,,0.804643988609314,,4.191305160522461,,,
109,,8129,,18.86107635498047,,0.773965060710907,,4.314996719360352,,,
109,,8139,,32.445919036865234,,0.6165779829025269,,5.686738967895508,,,
109,,8139,,,,,,,11.735626220703125,0.8617458939552307,3.3598155975341797
109,,8139,19.72779083251953,,0.7739563584327698,,4.368007659912109,,,,
,0.001,8140,,,,,,,,,
110,,8149,,10.324871063232422,,0.9054161310195923,,3.1882548332214355,,,
110,,8159,,21.88878059387207,,0.757225513458252,,4.658726692199707,,,
110,,8169,,15.06666374206543,,0.7837687134742737,,3.810748815536499,,,
110,,8179,,11.661827087402344,,0.8649264574050903,,3.3749396800994873,,,
110,,8189,,20.691251754760742,,0.773383378982544,,4.469404697418213,,,
110,,8199,,14.218001365661621,,0.820396900177002,,3.7403407096862793,,,
110,,8209,,22.548385620117188,,0.7193666696548462,,4.721138954162598,,,
110,,8213,,,,,,,13.090867042541504,0.8479309678077698,3.496469497680664
110,,8213,19.300540924072266,,0.7780108451843262,,4.315066337585449,,,,
,0.001,8214,,,,,,,,,
111,,8219,,17.065906524658203,,0.8284392356872559,,4.104118347167969,,,
111,,8229,,23.190711975097656,,0.7451462149620056,,4.76058292388916,,,
111,,8239,,21.953073501586914,,0.7474381923675537,,4.640907287597656,,,
111,,8249,,15.004600524902344,,0.7565563917160034,,3.846771240234375,,,
111,,8259,,13.768206596374512,,0.8608371019363403,,3.655933141708374,,,
111,,8269,,13.741698265075684,,0.8331924676895142,,3.679344654083252,,,
111,,8279,,16.793304443359375,,0.8023601770401001,,4.081345081329346,,,
111,,8287,,,,,,,14.202360153198242,0.8340272903442383,3.673081874847412
111,,8287,18.34870719909668,,0.7928306460380554,,4.202822685241699,,,,
,0.001,8288,,,,,,,,,
112,,8289,,18.070764541625977,,0.796444833278656,,4.233119964599609,,,
112,,8299,,19.487964630126953,,0.7949906587600708,,4.358123779296875,,,
112,,8309,,17.876516342163086,,0.7465451955795288,,4.191384315490723,,,
112,,8319,,18.038400650024414,,0.7630938291549683,,4.212597846984863,,,
112,,8329,,18.061735153198242,,0.7782288789749146,,4.230283260345459,,,
112,,8339,,13.787840843200684,,0.842273473739624,,3.688697338104248,,,
112,,8349,,26.303516387939453,,0.6938642263412476,,5.07453727722168,,,
112,,8359,,18.03093147277832,,0.8113370537757874,,4.215545177459717,,,
112,,8361,,,,,,,13.574747085571289,0.8396052718162537,3.5795955657958984
112,,8361,19.51071548461914,,0.7757787704467773,,4.323942184448242,,,,
,0.001,8362,,,,,,,,,
113,,8369,,34.18267059326172,,0.6022405028343201,,5.815220832824707,,,
113,,8379,,31.243499755859375,,0.6278440952301025,,5.496015548706055,,,
113,,8389,,19.014930725097656,,0.7538869380950928,,4.340108871459961,,,
113,,8399,,20.685306549072266,,0.7007411122322083,,4.51982307434082,,,
113,,8409,,20.083148956298828,,0.7945290803909302,,4.462805271148682,,,
113,,8419,,12.879288673400879,,0.8058263063430786,,3.578990936279297,,,
113,,8429,,15.176604270935059,,0.8021658658981323,,3.865750312805176,,,
113,,8435,,,,,,,11.224676132202148,0.8676279783248901,3.2609591484069824
113,,8435,18.768617630004883,,0.7855260968208313,,4.2494096755981445,,,,
,0.001,8436,,,,,,,,,
114,,8439,,21.523061752319336,,0.7115156650543213,,4.611865520477295,,,
114,,8449,,15.28905963897705,,0.8325809240341187,,3.8711280822753906,,,
114,,8459,,34.867916107177734,,0.6893895864486694,,5.846240043640137,,,
114,,8469,,13.375782012939453,,0.8722214698791504,,3.6305971145629883,,,
114,,8479,,13.950145721435547,,0.8706563115119934,,3.6931471824645996,,,
114,,8489,,20.184711456298828,,0.7909048795700073,,4.473208427429199,,,
114,,8499,,33.997135162353516,,0.694474995136261,,5.769057273864746,,,
114,,8509,,16.349422454833984,,0.8171170949935913,,4.007538795471191,,,
114,,8509,,,,,,,13.072921752929688,0.8476973176002502,3.521467685699463
114,,8509,18.675745010375977,,0.7853163480758667,,4.249661922454834,,,,
,0.001,8510,,,,,,,,,
115,,8519,,14.672691345214844,,0.8405882120132446,,3.739896774291992,,,
115,,8529,,14.683195114135742,,0.8593299388885498,,3.7893786430358887,,,
115,,8539,,18.717735290527344,,0.7790563106536865,,4.2611589431762695,,,
115,,8549,,24.589675903320312,,0.7530815005302429,,4.931445598602295,,,
115,,8559,,21.300264358520508,,0.7875398397445679,,4.572231769561768,,,
115,,8569,,17.579313278198242,,0.7869365215301514,,4.179927825927734,,,
115,,8579,,14.68680191040039,,0.8395843505859375,,3.747694253921509,,,
115,,8583,,,,,,,13.299869537353516,0.8430729508399963,3.501100778579712
115,,8583,18.871519088745117,,0.7859199047088623,,4.265420913696289,,,,
,0.001,8584,,,,,,,,,
116,,8589,,18.92793083190918,,0.7944892048835754,,4.322454929351807,,,
116,,8599,,25.385046005249023,,0.6670551300048828,,4.967226028442383,,,
116,,8609,,19.009342193603516,,0.8195333480834961,,4.286539554595947,,,
116,,8619,,20.20087242126465,,0.7798557281494141,,4.427720069885254,,,
116,,8629,,14.897324562072754,,0.8262741565704346,,3.8142852783203125,,,
116,,8639,,25.75094985961914,,0.7263793349266052,,4.9141845703125,,,
116,,8649,,19.713102340698242,,0.7996340990066528,,4.417067527770996,,,
116,,8657,,,,,,,15.181875228881836,0.8240597248077393,3.762204170227051
116,,8657,18.543794631958008,,0.790317952632904,,4.217599391937256,,,,
,0.001,8658,,,,,,,,,
117,,8659,,15.833854675292969,,0.7935476899147034,,3.934772491455078,,,
117,,8669,,17.82822036743164,,0.7881678938865662,,4.192935466766357,,,
117,,8679,,16.221670150756836,,0.8362913131713867,,3.981335163116455,,,
117,,8689,,16.609378814697266,,0.8136842250823975,,4.043460845947266,,,
117,,8699,,24.373760223388672,,0.7472319602966309,,4.885097503662109,,,
117,,8709,,18.832157135009766,,0.8366764187812805,,4.278615474700928,,,
117,,8719,,12.380668640136719,,0.8779100179672241,,3.4809274673461914,,,
117,,8729,,14.790767669677734,,0.8254691362380981,,3.839393138885498,,,
117,,8731,,,,,,,11.493069648742676,0.8649265170097351,3.304626703262329
117,,8731,18.28851890563965,,0.7908505797386169,,4.212711334228516,,,,
,0.001,8732,,,,,,,,,
118,,8739,,19.546289443969727,,0.7757828235626221,,4.352811813354492,,,
118,,8749,,17.715282440185547,,0.803462564945221,,4.182842254638672,,,
118,,8759,,13.176346778869629,,0.8464301824569702,,3.621187686920166,,,
118,,8769,,15.622148513793945,,0.8155763149261475,,3.9342732429504395,,,
118,,8779,,18.82644271850586,,0.7830709218978882,,4.315559387207031,,,
118,,8789,,23.08574676513672,,0.746749222278595,,4.758852005004883,,,
118,,8799,,17.29611587524414,,0.8195884823799133,,4.117514133453369,,,
118,,8805,,,,,,,11.746414184570312,0.8620227575302124,3.338599920272827
118,,8805,17.721965789794922,,0.79767245054245,,4.1363959312438965,,,,
,0.001,8806,,,,,,,,,
119,,8809,,17.027568817138672,,0.8086968660354614,,4.051630973815918,,,
119,,8819,,29.44438362121582,,0.6238524913787842,,5.389590740203857,,,
119,,8829,,14.414209365844727,,0.8107005953788757,,3.7279129028320312,,,
119,,8839,,19.652301788330078,,0.7889419794082642,,4.400249004364014,,,
119,,8849,,19.430482864379883,,0.8002728223800659,,4.347377300262451,,,
119,,8859,,10.99338436126709,,0.8773097991943359,,3.300410270690918,,,
119,,8869,,11.994080543518066,,0.8678685426712036,,3.433985710144043,,,
119,,8879,,17.00585174560547,,0.8191916942596436,,4.119178295135498,,,
119,,8879,,,,,,,11.504629135131836,0.8652375936508179,3.304891586303711
119,,8879,19.166669845581055,,0.7852660417556763,,4.287939548492432,,,,
,0.001,8880,,,,,,,,,
120,,8889,,23.987525939941406,,0.7389402389526367,,4.86228084564209,,,
120,,8899,,31.628761291503906,,0.6260638236999512,,5.572547912597656,,,
120,,8909,,17.307626724243164,,0.8050137758255005,,4.121952056884766,,,
120,,8919,,23.335792541503906,,0.7272368669509888,,4.806802749633789,,,
120,,8929,,14.43371295928955,,0.8052098751068115,,3.7905898094177246,,,
120,,8939,,25.35488510131836,,0.7052534818649292,,4.976348876953125,,,
120,,8949,,14.027243614196777,,0.8232177495956421,,3.723555326461792,,,
120,,8953,,,,,,,11.418915748596191,0.8647903800010681,3.292893171310425
120,,8953,18.60386848449707,,0.7880361080169678,,4.225485324859619,,,,
,0.001,8954,,,,,,,,,
121,,8959,,18.053775787353516,,0.6840343475341797,,4.234996795654297,,,
121,,8969,,20.349824905395508,,0.8104232549667358,,4.496548175811768,,,
121,,8979,,23.216381072998047,,0.7228533029556274,,4.791835784912109,,,
121,,8989,,14.29002571105957,,0.8677129745483398,,3.761341094970703,,,
121,,8999,,11.306777954101562,,0.8509131073951721,,3.3521242141723633,,,
121,,9009,,13.589773178100586,,0.8406648635864258,,3.653850555419922,,,
121,,9019,,14.20158863067627,,0.7606197595596313,,3.744248867034912,,,
121,,9027,,,,,,,10.413056373596191,0.8766541481018066,3.1456170082092285
121,,9027,18.50462532043457,,0.7882474660873413,,4.221559047698975,,,,
,0.001,9028,,,,,,,,,
122,,9029,,21.663307189941406,,0.7863388657569885,,4.608368873596191,,,
122,,9039,,21.038639068603516,,0.7660106420516968,,4.5503339767456055,,,
122,,9049,,24.915403366088867,,0.7327885627746582,,4.961980819702148,,,
122,,9059,,17.142587661743164,,0.7771962881088257,,4.08566427230835,,,
122,,9069,,15.588003158569336,,0.8141351342201233,,3.9402451515197754,,,
122,,9079,,31.85150909423828,,0.6825065612792969,,5.575464725494385,,,
122,,9089,,20.785802841186523,,0.7069088816642761,,4.496601581573486,,,
122,,9099,,16.16010856628418,,0.8309234380722046,,3.9921607971191406,,,
122,,9101,,,,,,,11.051139831542969,0.8702595829963684,3.2306442260742188
122,,9101,18.475587844848633,,0.7898753881454468,,4.216663360595703,,,,
,0.001,9102,,,,,,,,,
123,,9109,,17.819459915161133,,0.7446138858795166,,4.171125888824463,,,
123,,9119,,11.709174156188965,,0.8746534585952759,,3.368691921234131,,,
123,,9129,,17.147756576538086,,0.8210394382476807,,4.102168083190918,,,
123,,9139,,21.599227905273438,,0.7646853923797607,,4.602945327758789,,,
123,,9149,,17.30764389038086,,0.814589262008667,,4.149404048919678,,,
123,,9159,,16.761943817138672,,0.8210302591323853,,4.058834552764893,,,
123,,9169,,25.50708770751953,,0.7305850386619568,,4.9958930015563965,,,
123,,9175,,,,,,,11.064517974853516,0.869929313659668,3.222001075744629
123,,9175,17.69057273864746,,0.799404501914978,,4.142788410186768,,,,
,0.001,9176,,,,,,,,,
124,,9179,,15.41512680053711,,0.7954726815223694,,3.8856863975524902,,,
124,,9189,,31.893800735473633,,0.7326827049255371,,5.540727615356445,,,
124,,9199,,21.83711051940918,,0.6760743856430054,,4.640314102172852,,,
124,,9209,,17.03851318359375,,0.8057607412338257,,4.0890936851501465,,,
124,,9219,,31.255512237548828,,0.7091846466064453,,5.508586883544922,,,
124,,9229,,16.29020118713379,,0.7839658260345459,,3.991400718688965,,,
124,,9239,,26.492460250854492,,0.6954033374786377,,5.117875576019287,,,
124,,9249,,40.76053237915039,,0.3733871281147003,,6.273005485534668,,,
124,,9249,,,,,,,9.641915321350098,0.8859956860542297,3.0543625354766846
124,,9249,19.149049758911133,,0.7808447480201721,,4.284692287445068,,,,
,0.001,9250,,,,,,,,,
125,,9259,,15.099925994873047,,0.8359845876693726,,3.8700168132781982,,,
125,,9269,,20.837684631347656,,0.7255508899688721,,4.487428188323975,,,
125,,9279,,23.806581497192383,,0.7481638193130493,,4.827946662902832,,,
125,,9289,,16.636228561401367,,0.8027607202529907,,4.020166873931885,,,
125,,9299,,23.711471557617188,,0.7439368367195129,,4.84549617767334,,,
125,,9309,,17.060489654541016,,0.7936170101165771,,4.088428974151611,,,
125,,9319,,13.470614433288574,,0.8731791973114014,,3.6478896141052246,,,
125,,9323,,,,,,,12.823604583740234,0.8494322896003723,3.510183572769165
125,,9323,17.66648292541504,,0.799961507320404,,4.1308417320251465,,,,
,0.001,9324,,,,,,,,,
126,,9329,,19.12550163269043,,0.79121994972229,,4.340732574462891,,,
126,,9339,,12.572219848632812,,0.8556937575340271,,3.488283634185791,,,
126,,9349,,14.801647186279297,,0.8335782289505005,,3.803816795349121,,,
126,,9359,,17.457122802734375,,0.7853653430938721,,4.118382453918457,,,
126,,9369,,14.431597709655762,,0.8761627674102783,,3.768617868423462,,,
126,,9379,,15.008922576904297,,0.8286940455436707,,3.8495967388153076,,,
126,,9389,,16.80352783203125,,0.8227227926254272,,4.063133239746094,,,
126,,9397,,,,,,,11.112048149108887,0.8677731156349182,3.2768771648406982
126,,9397,17.497102737426758,,0.8005094528198242,,4.097289085388184,,,,
,0.001,9398,,,,,,,,,
127,,9399,,19.876171112060547,,0.7955423593521118,,4.421461582183838,,,
127,,9409,,18.76840591430664,,0.797799289226532,,4.295253276824951,,,
127,,9419,,18.383014678955078,,0.8368157148361206,,4.255851745605469,,,
127,,9429,,14.927321434020996,,0.843296468257904,,3.8220605850219727,,,
127,,9439,,15.435197830200195,,0.8253805637359619,,3.867419719696045,,,
127,,9449,,18.996807098388672,,0.7513228058815002,,4.308682918548584,,,
127,,9459,,23.061119079589844,,0.6923139095306396,,4.774041175842285,,,
127,,9469,,13.61557388305664,,0.8455265164375305,,3.6598408222198486,,,
127,,9471,,,,,,,12.860512733459473,0.8506774306297302,3.471771001815796
127,,9471,18.532657623291016,,0.7901445627212524,,4.225183010101318,,,,
,0.001,9472,,,,,,,,,
128,,9479,,21.979827880859375,,0.7130994200706482,,4.602324485778809,,,
128,,9489,,18.718021392822266,,0.8175414800643921,,4.280787944793701,,,
128,,9499,,30.152942657470703,,0.5971919894218445,,5.430727005004883,,,
128,,9509,,15.510086059570312,,0.8249198198318481,,3.882695436477661,,,
128,,9519,,13.48570442199707,,0.8039335608482361,,3.6374588012695312,,,
128,,9529,,23.919954299926758,,0.7648201584815979,,4.851357936859131,,,
128,,9539,,19.528255462646484,,0.8078155517578125,,4.377866744995117,,,
128,,9545,,,,,,,11.663887023925781,0.8639990091323853,3.319652795791626
128,,9545,18.402677536010742,,0.7911718487739563,,4.22066593170166,,,,
,0.001,9546,,,,,,,,,
129,,9549,,19.16616439819336,,0.7812715172767639,,4.333928108215332,,,
129,,9559,,14.195318222045898,,0.8281033039093018,,3.753943681716919,,,
129,,9569,,22.761295318603516,,0.6828535795211792,,4.740451812744141,,,
129,,9579,,20.2652587890625,,0.7075951099395752,,4.456779956817627,,,
129,,9589,,14.35714340209961,,0.8277971148490906,,3.759246826171875,,,
129,,9599,,15.975717544555664,,0.8356301784515381,,3.9609947204589844,,,
129,,9609,,14.704571723937988,,0.8443602919578552,,3.808291435241699,,,
129,,9619,,33.12400817871094,,0.7466259598731995,,5.670656681060791,,,
129,,9619,,,,,,,11.879851341247559,0.8609784245491028,3.338916540145874
129,,9619,18.518442153930664,,0.7869943976402283,,4.217206001281738,,,,
,0.001,9620,,,,,,,,,
130,,9629,,16.781911849975586,,0.8064025640487671,,4.076993465423584,,,
130,,9639,,18.60287094116211,,0.8119532465934753,,4.2265944480896,,,
130,,9649,,17.55131721496582,,0.8063097596168518,,4.173113822937012,,,
130,,9659,,10.605833053588867,,0.8961350917816162,,3.2491414546966553,,,
130,,9669,,16.311784744262695,,0.7999430894851685,,4.023527145385742,,,
130,,9679,,18.74340057373047,,0.7818385362625122,,4.281711578369141,,,
130,,9689,,27.763967514038086,,0.7648068070411682,,5.191778182983398,,,
130,,9693,,,,,,,12.032305717468262,0.8596044182777405,3.3650386333465576
130,,9693,19.144519805908203,,0.7815468311309814,,4.285048007965088,,,,
,0.001,9694,,,,,,,,,
131,,9699,,17.101016998291016,,0.8229470252990723,,4.103841781616211,,,
131,,9709,,25.866445541381836,,0.705237627029419,,5.055074214935303,,,
131,,9719,,13.501590728759766,,0.8819968700408936,,3.639291286468506,,,
131,,9729,,26.918292999267578,,0.6825686693191528,,5.160429954528809,,,
131,,9739,,16.35080909729004,,0.8011585474014282,,4.030632019042969,,,
131,,9749,,18.128835678100586,,0.83866286277771,,4.2015700340271,,,
131,,9759,,12.102088928222656,,0.871918797492981,,3.474010705947876,,,
131,,9767,,,,,,,11.177656173706055,0.8695159554481506,3.2522103786468506
131,,9767,18.010738372802734,,0.794701099395752,,4.180472373962402,,,,
,0.001,9768,,,,,,,,,
132,,9769,,13.473823547363281,,0.859615683555603,,3.6522910594940186,,,
132,,9779,,11.531012535095215,,0.8790844678878784,,3.3199379444122314,,,
132,,9789,,14.539608001708984,,0.8717457056045532,,3.797010898590088,,,
132,,9799,,27.318737030029297,,0.6596552729606628,,5.1970415115356445,,,
132,,9809,,19.915477752685547,,0.792099118232727,,4.439826011657715,,,
132,,9819,,19.15004539489746,,0.7628564238548279,,4.358559608459473,,,
132,,9829,,13.67524528503418,,0.844485878944397,,3.6654300689697266,,,
132,,9839,,13.359058380126953,,0.8158012628555298,,3.6099822521209717,,,
132,,9841,,,,,,,10.179466247558594,0.8800176382064819,3.0998315811157227
132,,9841,17.79414939880371,,0.7969013452529907,,4.135045051574707,,,,
,0.001,9842,,,,,,,,,
133,,9849,,13.061594009399414,,0.8377374410629272,,3.5518381595611572,,,
133,,9859,,15.6962890625,,0.8083533048629761,,3.9478254318237305,,,
133,,9869,,15.457770347595215,,0.765872597694397,,3.904412031173706,,,
133,,9879,,10.672852516174316,,0.8805795907974243,,3.243910789489746,,,
133,,9889,,12.61946964263916,,0.8685433864593506,,3.539090394973755,,,
133,,9899,,14.566301345825195,,0.8530691862106323,,3.8024353981018066,,,
133,,9909,,24.141141891479492,,0.7057253122329712,,4.881969451904297,,,
133,,9915,,,,,,,10.932204246520996,0.871306300163269,3.2280733585357666
133,,9915,16.73264503479004,,0.8086819052696228,,4.018877029418945,,,,
,0.001,9916,,,,,,,,,
134,,9919,,12.914520263671875,,0.8444322347640991,,3.5449180603027344,,,
134,,9929,,11.441802024841309,,0.8856979608535767,,3.35922908782959,,,
134,,9939,,15.714271545410156,,0.8265541791915894,,3.9201536178588867,,,
134,,9949,,14.281204223632812,,0.8269339799880981,,3.7556843757629395,,,
134,,9959,,14.115964889526367,,0.842366099357605,,3.7085518836975098,,,
134,,9969,,12.675475120544434,,0.8339852094650269,,3.510702133178711,,,
134,,9979,,11.758383750915527,,0.8573946952819824,,3.406679630279541,,,
134,,9989,,21.84840202331543,,0.8042274713516235,,4.640580177307129,,,
134,,9989,,,,,,,10.846464157104492,0.8736838102340698,3.200119733810425
134,,9989,16.888832092285156,,0.807610809803009,,4.03035306930542,,,,
,0.001,9990,,,,,,,,,
135,,9999,,17.48851203918457,,0.8251084089279175,,4.11844539642334,,,
135,,10009,,15.392915725708008,,0.8403626680374146,,3.854708671569824,,,
135,,10019,,19.12234115600586,,0.736259937286377,,4.364499092102051,,,
135,,10029,,20.543521881103516,,0.7681591510772705,,4.506810188293457,,,
135,,10039,,14.802907943725586,,0.8253223896026611,,3.8195667266845703,,,
135,,10049,,16.51866912841797,,0.8501981496810913,,4.019196033477783,,,
135,,10059,,11.12822437286377,,0.9009415507316589,,3.296529769897461,,,
135,,10063,,,,,,,11.793256759643555,0.862262487411499,3.3547556400299072
135,,10063,17.096498489379883,,0.8064912557601929,,4.062582969665527,,,,
,0.001,10064,,,,,,,,,
136,,10069,,11.115617752075195,,0.8719561100006104,,3.317051887512207,,,
136,,10079,,12.837406158447266,,0.8660703897476196,,3.5746402740478516,,,
136,,10089,,10.133788108825684,,0.9018858671188354,,3.1607556343078613,,,
136,,10099,,13.948587417602539,,0.8261869549751282,,3.7081165313720703,,,
136,,10109,,17.034006118774414,,0.8117672801017761,,4.08868408203125,,,
136,,10119,,15.463940620422363,,0.8149970769882202,,3.8786656856536865,,,
136,,10129,,16.93344497680664,,0.807039201259613,,4.088347911834717,,,
136,,10137,,,,,,,14.232902526855469,0.8328220844268799,3.6885128021240234
136,,10137,17.682771682739258,,0.7964511513710022,,4.124135971069336,,,,
,0.001,10138,,,,,,,,,
137,,10139,,13.527905464172363,,0.8136277198791504,,3.625485897064209,,,
137,,10149,,19.317691802978516,,0.7570528984069824,,4.3497419357299805,,,
137,,10159,,8.439777374267578,,0.9124294519424438,,2.9003355503082275,,,
137,,10169,,9.6099853515625,,0.8983290195465088,,3.071537971496582,,,
137,,10179,,17.32024574279785,,0.702183723449707,,4.1162028312683105,,,
137,,10189,,25.47481346130371,,0.7308083176612854,,5.025943756103516,,,
137,,10199,,25.789304733276367,,0.7525407075881958,,5.016944408416748,,,
137,,10209,,22.810914993286133,,0.7535221576690674,,4.751003265380859,,,
137,,10211,,,,,,,10.602615356445312,0.8752363324165344,3.171015501022339
137,,10211,18.079866409301758,,0.7896656394004822,,4.149874210357666,,,,
,0.001,10212,,,,,,,,,
138,,10219,,14.774271965026855,,0.8269928693771362,,3.802363872528076,,,
138,,10229,,28.719329833984375,,0.5652410984039307,,5.31705379486084,,,
138,,10239,,14.958003044128418,,0.8114385604858398,,3.849170207977295,,,
138,,10249,,14.639780044555664,,0.8069325685501099,,3.813788890838623,,,
138,,10259,,21.0595703125,,0.7337070107460022,,4.538127899169922,,,
138,,10269,,25.70821189880371,,0.7189275622367859,,5.048977851867676,,,
138,,10279,,15.679434776306152,,0.8143588304519653,,3.8971481323242188,,,
138,,10285,,,,,,,11.23412799835205,0.8682761788368225,3.2538092136383057
138,,10285,17.745105743408203,,0.798073947429657,,4.123938083648682,,,,
,0.001,10286,,,,,,,,,
139,,10289,,17.48744773864746,,0.7823302745819092,,4.1758880615234375,,,
139,,10299,,25.249897003173828,,0.771136999130249,,4.964292526245117,,,
139,,10309,,15.808871269226074,,0.7713179588317871,,3.9358901977539062,,,
139,,10319,,11.676834106445312,,0.8768896460533142,,3.3807222843170166,,,
139,,10329,,13.397632598876953,,0.7965967059135437,,3.6460375785827637,,,
139,,10339,,17.010574340820312,,0.8411292433738708,,4.103689193725586,,,
139,,10349,,16.748512268066406,,0.8250208497047424,,4.045722484588623,,,
139,,10359,,9.605528831481934,,0.8830757141113281,,3.045480728149414,,,
139,,10359,,,,,,,11.081195831298828,0.8702415823936462,3.2408902645111084
139,,10359,16.954492568969727,,0.807008683681488,,4.0360636711120605,,,,
,0.001,10360,,,,,,,,,
140,,10369,,12.098831176757812,,0.8656919002532959,,3.4417195320129395,,,
140,,10379,,16.165414810180664,,0.827670693397522,,3.9868524074554443,,,
140,,10389,,18.32097625732422,,0.8185457587242126,,4.205520153045654,,,
140,,10399,,17.37825584411621,,0.783886194229126,,4.122194290161133,,,
140,,10409,,13.913803100585938,,0.8291773200035095,,3.7016468048095703,,,
140,,10419,,13.228062629699707,,0.8160555362701416,,3.590487241744995,,,
140,,10429,,21.76637840270996,,0.7812398672103882,,4.636999130249023,,,
140,,10433,,,,,,,11.282184600830078,0.8660217523574829,3.250967025756836
140,,10433,16.48107147216797,,0.814068078994751,,3.9815123081207275,,,,
,0.001,10434,,,,,,,,,
141,,10439,,17.71527671813965,,0.8060964345932007,,4.181191444396973,,,
141,,10449,,13.729755401611328,,0.85759037733078,,3.6346781253814697,,,
141,,10459,,12.011918067932129,,0.8394879102706909,,3.449171543121338,,,
141,,10469,,10.640238761901855,,0.8599538803100586,,3.254957914352417,,,
141,,10479,,19.891775131225586,,0.8051356077194214,,4.413545608520508,,,
141,,10489,,14.2672119140625,,0.8601270318031311,,3.7331748008728027,,,
141,,10499,,14.990782737731934,,0.8279467225074768,,3.7860655784606934,,,
141,,10507,,,,,,,11.622992515563965,0.862614095211029,3.333972692489624
141,,10507,17.895151138305664,,0.7966088056564331,,4.133456707000732,,,,
,0.001,10508,,,,,,,,,
142,,10509,,15.18778133392334,,0.8216985464096069,,3.852621555328369,,,
142,,10519,,14.358799934387207,,0.8324393033981323,,3.7712960243225098,,,
142,,10529,,12.30145263671875,,0.8436794281005859,,3.5062613487243652,,,
142,,10539,,14.146778106689453,,0.836411714553833,,3.7380290031433105,,,
142,,10549,,23.191492080688477,,0.7428934574127197,,4.786425590515137,,,
142,,10559,,12.858328819274902,,0.8426753282546997,,3.552558422088623,,,
142,,10569,,18.556427001953125,,0.8314799070358276,,4.248939514160156,,,
142,,10579,,17.363943099975586,,0.7803450226783752,,4.153943061828613,,,
142,,10581,,,,,,,12.282572746276855,0.8558432459831238,3.4313745498657227
142,,10581,17.128503799438477,,0.8053115606307983,,4.051400661468506,,,,
,0.001,10582,,,,,,,,,
143,,10589,,20.042381286621094,,0.7845461964607239,,4.433590888977051,,,
143,,10599,,17.848609924316406,,0.7975503206253052,,4.178030967712402,,,
143,,10609,,12.599861145019531,,0.8288443684577942,,3.5257954597473145,,,
143,,10619,,15.301727294921875,,0.8136906623840332,,3.902982234954834,,,
143,,10629,,13.267603874206543,,0.8670527935028076,,3.5776281356811523,,,
143,,10639,,24.176469802856445,,0.6458953619003296,,4.879467010498047,,,
143,,10649,,10.868370056152344,,0.877156674861908,,3.268550395965576,,,
143,,10655,,,,,,,14.523402214050293,0.8303149938583374,3.722757577896118
143,,10655,18.452219009399414,,0.7890294790267944,,4.203465461730957,,,,
,0.001,10656,,,,,,,,,
144,,10659,,19.18681526184082,,0.7977714538574219,,4.3390655517578125,,,
144,,10669,,19.682077407836914,,0.8325913548469543,,4.3762688636779785,,,
144,,10679,,10.665785789489746,,0.8810304403305054,,3.2415761947631836,,,
144,,10689,,19.041858673095703,,0.8075488805770874,,4.350895881652832,,,
144,,10699,,18.820894241333008,,0.8072335124015808,,4.320882320404053,,,
144,,10709,,15.992657661437988,,0.830704391002655,,3.9916951656341553,,,
144,,10719,,13.9774751663208,,0.8617733716964722,,3.7053027153015137,,,
144,,10729,,19.361955642700195,,0.7700050473213196,,4.33870267868042,,,
144,,10729,,,,,,,12.775762557983398,0.8508440256118774,3.4876043796539307
144,,10729,17.129533767700195,,0.8045955300331116,,4.0695672035217285,,,,
145,,10730,,,,,,,9.641915321350098,0.8859956860542297,3.0543625354766846
